Brand,Model,Switch Type,Connection,Lighting,Layout,Key Count,Price (USD),Weight (kg)
Logitech,Logitech Model 970,Membrane,Wired + Wireless,RGB,AZERTY,104,125.73,0.99
Corsair,Corsair Model 807,Scissor,Wireless,No Lighting,AZERTY,104,127.02,0.7
Corsair,Corsair Model 875,Membrane,Bluetooth,Single Color,AZERTY,87,29.28,1.55
Microsoft,Microsoft Model 715,Mechanical - Red,Wired,RGB,AZERTY,61,230.25,0.58
Lenovo,Lenovo Model 719,Scissor,Wired + Wireless,Single Color,AZERTY,104,30.05,1.61
Dell,Dell Model 859,Scissor,Wireless,No Lighting,QWERTY,104,51.21,0.55
Dell,Dell Model 380,Mechanical - Brown,Bluetooth,Single Color,AZERTY,61,201.87,1.59
Dell,Dell Model 589,Mechanical - Blue,Wired + Wireless,Single Color,AZERTY,61,161.86,1.26
SteelSeries,SteelSeries Model 995,Mechanical - Blue,Bluetooth,No Lighting,QWERTY,104,125.62,0.97
Razer,Razer Model 638,Mechanical - Brown,Bluetooth,RGB,DVORAK,61,91.09,0.9
Redragon,Redragon Model 937,Mechanical - Brown,Wired + Wireless,Single Color,DVORAK,108,102.04,0.77
SteelSeries,SteelSeries Model 858,Mechanical - Brown,Wireless,No Lighting,AZERTY,104,33.81,1.75
HyperX,HyperX Model 534,Mechanical - Blue,Bluetooth,Single Color,QWERTY,104,41.6,0.71
HyperX,HyperX Model 109,Mechanical - Brown,Bluetooth,Single Color,DVORAK,61,235.94,0.61
Acer,Acer Model 300,Mechanical - Blue,Wired,RGB,AZERTY,104,203.31,0.63
HP,HP Model 973,Membrane,Wired,RGB,AZERTY,87,202.13,1.47
Microsoft,Microsoft Model 996,Scissor,Wired,No Lighting,QWERTY,87,134.69,1.75
Logitech,Logitech Model 525,Scissor,Wireless,No Lighting,DVORAK,108,193.28,1.11
Lenovo,Lenovo Model 104,Mechanical - Blue,Wired,RGB,AZERTY,108,174.59,0.63
Cooler Master,Cooler Master Model 132,Membrane,Wireless,Single Color,AZERTY,104,97.69,1.08
Lenovo,Lenovo Model 608,Scissor,Wired + Wireless,RGB,AZERTY,104,242.79,1.16
Asus,Asus Model 570,Scissor,Wireless,Single Color,DVORAK,108,100.37,1.42
Corsair,Corsair Model 615,Mechanical - Blue,Wired,Single Color,DVORAK,108,228.31,0.71
HyperX,HyperX Model 651,Mechanical - Blue,Wireless,RGB,DVORAK,87,168.06,1.37
Acer,Acer Model 392,Mechanical - Red,Bluetooth,No Lighting,QWERTY,104,104.08,1.3
Razer,Razer Model 302,Scissor,Wired,Single Color,DVORAK,87,200.72,0.51
Corsair,Corsair Model 321,Mechanical - Brown,Wireless,Single Color,DVORAK,87,178.81,0.85
Asus,Asus Model 696,Mechanical - Red,Wireless,RGB,DVORAK,61,248.72,0.75
Dell,Dell Model 315,Membrane,Wired,Single Color,QWERTY,104,172.2,1.38
Logitech,Logitech Model 246,Mechanical - Red,Wireless,RGB,AZERTY,104,165.71,1.57
Corsair,Corsair Model 252,Membrane,Bluetooth,RGB,QWERTY,87,42.22,1.11
Corsair,Corsair Model 565,Membrane,Wired + Wireless,RGB,AZERTY,87,92.82,0.99
Asus,Asus Model 392,Mechanical - Blue,Wired,No Lighting,QWERTY,108,159.46,1.05
Dell,Dell Model 461,Mechanical - Brown,Bluetooth,Single Color,AZERTY,87,115.5,1.74
Logitech,Logitech Model 320,Mechanical - Brown,Bluetooth,Single Color,DVORAK,104,45.05,1.73
Microsoft,Microsoft Model 789,Scissor,Wired,Single Color,DVORAK,87,245.84,1.12
HyperX,HyperX Model 882,Mechanical - Blue,Bluetooth,RGB,QWERTY,108,91.85,0.82
Corsair,Corsair Model 123,Mechanical - Brown,Wired + Wireless,Single Color,DVORAK,104,49.91,1.48
HyperX,HyperX Model 162,Mechanical - Red,Bluetooth,No Lighting,AZERTY,104,147.26,0.79
SteelSeries,SteelSeries Model 240,Mechanical - Brown,Wired,RGB,QWERTY,108,23.14,1.3
SteelSeries,SteelSeries Model 391,Mechanical - Brown,Wired + Wireless,RGB,QWERTY,104,99.72,1.21
Redragon,Redragon Model 735,Mechanical - Brown,Wireless,RGB,QWERTY,104,142.96,0.87
HyperX,HyperX Model 975,Mechanical - Brown,Wired,Single Color,DVORAK,104,39.49,1.1
Razer,Razer Model 143,Scissor,Bluetooth,RGB,AZERTY,108,101.3,1.37
Microsoft,Microsoft Model 400,Mechanical - Brown,Wired + Wireless,RGB,DVORAK,104,56.9,0.75
Acer,Acer Model 830,Mechanical - Blue,Wired + Wireless,Single Color,DVORAK,108,38.52,1.45
Corsair,Corsair Model 464,Mechanical - Brown,Wired,No Lighting,AZERTY,108,38.65,0.71
HyperX,HyperX Model 179,Scissor,Wireless,Single Color,QWERTY,104,110.59,1.69
Logitech,Logitech Model 557,Mechanical - Red,Wireless,No Lighting,AZERTY,87,148.94,1.13
Cooler Master,Cooler Master Model 995,Mechanical - Red,Wired,No Lighting,AZERTY,61,68.02,1.56
Lenovo,Lenovo Model 639,Scissor,Bluetooth,No Lighting,AZERTY,108,188.45,0.88
HyperX,HyperX Model 130,Membrane,Wired,Single Color,DVORAK,61,89.64,1.7
Lenovo,Lenovo Model 131,Membrane,Wireless,No Lighting,AZERTY,61,82.0,0.52
Lenovo,Lenovo Model 108,Scissor,Wireless,RGB,DVORAK,104,161.88,0.56
Lenovo,Lenovo Model 588,Mechanical - Blue,Wired,No Lighting,DVORAK,87,58.83,0.85
Lenovo,Lenovo Model 152,Membrane,Bluetooth,RGB,DVORAK,61,91.61,0.58
Keychron,Keychron Model 554,Mechanical - Red,Wired + Wireless,RGB,AZERTY,87,39.83,1.05
Asus,Asus Model 580,Mechanical - Blue,Wired + Wireless,Single Color,QWERTY,87,76.65,0.61
Corsair,Corsair Model 489,Membrane,Bluetooth,Single Color,AZERTY,104,71.04,1.66
HP,HP Model 462,Mechanical - Blue,Bluetooth,No Lighting,QWERTY,108,208.3,1.29
HP,HP Model 281,Mechanical - Red,Wireless,RGB,DVORAK,87,122.17,1.19
Dell,Dell Model 904,Scissor,Wired + Wireless,RGB,QWERTY,87,49.83,1.02
Corsair,Corsair Model 140,Scissor,Wireless,RGB,DVORAK,108,248.25,1.61
Razer,Razer Model 449,Membrane,Bluetooth,Single Color,AZERTY,61,90.46,0.64
HP,HP Model 281,Scissor,Wired + Wireless,No Lighting,DVORAK,108,104.28,0.7
Keychron,Keychron Model 590,Scissor,Wireless,RGB,AZERTY,108,182.96,1.25
HP,HP Model 409,Mechanical - Red,Wired + Wireless,RGB,AZERTY,61,191.77,0.85
SteelSeries,SteelSeries Model 548,Scissor,Wireless,Single Color,DVORAK,108,40.02,1.09
HP,HP Model 440,Mechanical - Brown,Wired,RGB,AZERTY,87,140.48,0.59
SteelSeries,SteelSeries Model 540,Membrane,Wired + Wireless,No Lighting,QWERTY,61,29.89,0.85
Acer,Acer Model 963,Mechanical - Brown,Bluetooth,RGB,AZERTY,87,245.68,1.26
HP,HP Model 565,Membrane,Wireless,No Lighting,AZERTY,87,198.79,0.92
Asus,Asus Model 603,Mechanical - Red,Wireless,RGB,AZERTY,104,239.91,1.09
Logitech,Logitech Model 395,Mechanical - Blue,Wired,RGB,DVORAK,61,128.83,1.11
Lenovo,Lenovo Model 731,Membrane,Wired,RGB,QWERTY,61,242.35,1.76
Lenovo,Lenovo Model 260,Mechanical - Brown,Wired + Wireless,RGB,DVORAK,108,139.56,0.88
Keychron,Keychron Model 295,Scissor,Wired,Single Color,QWERTY,61,48.51,0.55
Acer,Acer Model 690,Mechanical - Blue,Wireless,RGB,QWERTY,87,21.24,1.26
Logitech,Logitech Model 854,Scissor,Wired,Single Color,AZERTY,61,59.5,0.51
Asus,Asus Model 944,Mechanical - Red,Wired,Single Color,DVORAK,87,191.66,1.76
Dell,Dell Model 627,Mechanical - Brown,Wireless,No Lighting,QWERTY,61,202.21,1.46
Cooler Master,Cooler Master Model 243,Scissor,Wired + Wireless,No Lighting,DVORAK,87,32.49,0.86
Asus,Asus Model 214,Mechanical - Red,Wired,No Lighting,QWERTY,104,111.31,0.59
HyperX,HyperX Model 280,Mechanical - Red,Wireless,Single Color,DVORAK,87,187.9,1.61
Corsair,Corsair Model 694,Scissor,Bluetooth,No Lighting,DVORAK,61,209.3,0.92
Microsoft,Microsoft Model 116,Scissor,Wired,No Lighting,QWERTY,61,214.01,1.0
Asus,Asus Model 491,Mechanical - Blue,Wired + Wireless,Single Color,DVORAK,61,125.35,0.57
Lenovo,Lenovo Model 552,Mechanical - Brown,Bluetooth,Single Color,DVORAK,87,231.85,1.61
HP,HP Model 619,Mechanical - Brown,Bluetooth,Single Color,AZERTY,108,183.57,1.03
Dell,Dell Model 378,Mechanical - Brown,Wired,Single Color,QWERTY,104,181.84,1.3
Razer,Razer Model 306,Scissor,Bluetooth,No Lighting,QWERTY,61,157.16,1.37
SteelSeries,SteelSeries Model 347,Mechanical - Blue,Wired,No Lighting,DVORAK,108,84.44,0.76
Keychron,Keychron Model 967,Membrane,Wired,No Lighting,AZERTY,104,95.63,0.71
Asus,Asus Model 153,Membrane,Wired,RGB,DVORAK,108,232.65,1.06
Cooler Master,Cooler Master Model 892,Membrane,Wired + Wireless,No Lighting,QWERTY,104,138.03,1.1
HyperX,HyperX Model 332,Membrane,Bluetooth,No Lighting,AZERTY,104,177.2,1.71
SteelSeries,SteelSeries Model 405,Scissor,Bluetooth,Single Color,QWERTY,61,111.5,1.32
HP,HP Model 201,Membrane,Wired + Wireless,Single Color,AZERTY,108,71.9,1.63
SteelSeries,SteelSeries Model 283,Membrane,Wireless,Single Color,AZERTY,108,149.11,1.16
Dell,Dell Model 290,Mechanical - Brown,Bluetooth,Single Color,DVORAK,108,202.8,0.72
HP,HP Model 295,Membrane,Bluetooth,Single Color,QWERTY,108,191.68,1.77
Logitech,Logitech Model 923,Scissor,Bluetooth,No Lighting,DVORAK,104,58.88,0.51
Razer,Razer Model 709,Mechanical - Blue,Wireless,No Lighting,AZERTY,87,118.36,1.08
HyperX,HyperX Model 826,Mechanical - Brown,Bluetooth,RGB,QWERTY,104,181.24,0.72
HyperX,HyperX Model 799,Mechanical - Blue,Wired + Wireless,Single Color,DVORAK,87,112.71,1.66
SteelSeries,SteelSeries Model 879,Mechanical - Brown,Wireless,No Lighting,QWERTY,87,201.65,1.33
Razer,Razer Model 155,Membrane,Wired,RGB,AZERTY,87,119.97,1.58
Keychron,Keychron Model 152,Scissor,Bluetooth,No Lighting,DVORAK,87,206.54,0.77
Asus,Asus Model 898,Mechanical - Blue,Bluetooth,RGB,AZERTY,87,157.11,1.69
Corsair,Corsair Model 518,Mechanical - Blue,Wired + Wireless,RGB,DVORAK,87,63.28,1.4
Razer,Razer Model 179,Scissor,Bluetooth,Single Color,AZERTY,87,204.77,0.9
Redragon,Redragon Model 114,Membrane,Wireless,No Lighting,DVORAK,108,178.83,1.06
Acer,Acer Model 689,Mechanical - Brown,Wired + Wireless,RGB,DVORAK,108,153.65,0.51
Dell,Dell Model 511,Mechanical - Blue,Wireless,No Lighting,QWERTY,61,34.07,1.15
Microsoft,Microsoft Model 420,Membrane,Wired,Single Color,QWERTY,61,247.65,1.52
Razer,Razer Model 992,Mechanical - Red,Wireless,RGB,DVORAK,104,157.94,1.02
Corsair,Corsair Model 930,Mechanical - Blue,Wireless,No Lighting,DVORAK,61,152.19,1.42
Keychron,Keychron Model 684,Mechanical - Red,Wired + Wireless,Single Color,AZERTY,61,137.9,1.67
HP,HP Model 884,Scissor,Wired,RGB,DVORAK,87,50.66,0.72
Cooler Master,Cooler Master Model 863,Membrane,Wireless,No Lighting,QWERTY,104,63.8,1.09
Redragon,Redragon Model 111,Mechanical - Brown,Wireless,No Lighting,AZERTY,61,151.54,1.24
Corsair,Corsair Model 364,Mechanical - Red,Wired,No Lighting,QWERTY,104,235.27,0.5
Keychron,Keychron Model 333,Mechanical - Blue,Wired + Wireless,No Lighting,DVORAK,108,125.78,0.73
SteelSeries,SteelSeries Model 409,Membrane,Wireless,Single Color,DVORAK,108,90.75,1.7
Cooler Master,Cooler Master Model 915,Scissor,Wired,Single Color,AZERTY,61,136.1,0.53
Dell,Dell Model 160,Membrane,Wireless,Single Color,DVORAK,104,161.73,0.68
Acer,Acer Model 624,Mechanical - Brown,Wired,No Lighting,AZERTY,104,164.06,1.26
HyperX,HyperX Model 492,Membrane,Wireless,No Lighting,DVORAK,61,215.91,0.82
Cooler Master,Cooler Master Model 788,Mechanical - Blue,Bluetooth,RGB,DVORAK,61,53.28,1.44
Logitech,Logitech Model 579,Mechanical - Brown,Bluetooth,RGB,DVORAK,108,97.91,0.79
Redragon,Redragon Model 255,Mechanical - Red,Bluetooth,No Lighting,AZERTY,61,221.93,1.09
Microsoft,Microsoft Model 429,Scissor,Bluetooth,Single Color,AZERTY,61,174.08,1.74
Dell,Dell Model 898,Membrane,Wired + Wireless,No Lighting,AZERTY,108,103.32,0.52
HyperX,HyperX Model 643,Mechanical - Brown,Wired,RGB,AZERTY,87,55.19,0.52
HyperX,HyperX Model 505,Mechanical - Red,Wired,No Lighting,DVORAK,87,205.58,1.55
Lenovo,Lenovo Model 969,Mechanical - Brown,Bluetooth,RGB,QWERTY,108,29.26,1.17
Razer,Razer Model 852,Membrane,Bluetooth,No Lighting,AZERTY,108,128.7,0.71
Cooler Master,Cooler Master Model 769,Membrane,Wireless,RGB,AZERTY,87,231.37,1.78
Lenovo,Lenovo Model 979,Scissor,Bluetooth,No Lighting,QWERTY,108,76.72,1.67
Dell,Dell Model 536,Mechanical - Blue,Wired,No Lighting,DVORAK,104,226.01,0.52
Dell,Dell Model 530,Mechanical - Blue,Wireless,No Lighting,QWERTY,87,99.33,1.51
HyperX,HyperX Model 835,Membrane,Wired,RGB,AZERTY,61,75.23,1.12
SteelSeries,SteelSeries Model 138,Mechanical - Blue,Bluetooth,No Lighting,DVORAK,108,130.14,1.16
Redragon,Redragon Model 250,Mechanical - Blue,Wireless,Single Color,QWERTY,108,101.33,0.61
Cooler Master,Cooler Master Model 965,Mechanical - Brown,Wireless,Single Color,AZERTY,104,107.68,1.38
Redragon,Redragon Model 657,Mechanical - Brown,Wireless,Single Color,AZERTY,108,138.49,0.93
Dell,Dell Model 451,Mechanical - Brown,Wireless,Single Color,DVORAK,108,127.97,1.02
Acer,Acer Model 450,Scissor,Wired,No Lighting,AZERTY,61,116.06,1.42
Cooler Master,Cooler Master Model 403,Membrane,Wired + Wireless,No Lighting,DVORAK,104,64.51,0.75
Razer,Razer Model 281,Scissor,Wired,Single Color,DVORAK,87,89.48,1.11
Cooler Master,Cooler Master Model 514,Mechanical - Brown,Wireless,No Lighting,DVORAK,61,195.58,1.79
Keychron,Keychron Model 804,Mechanical - Blue,Wireless,No Lighting,AZERTY,87,51.45,1.04
Acer,Acer Model 575,Membrane,Bluetooth,Single Color,DVORAK,104,228.89,1.68
Logitech,Logitech Model 654,Membrane,Wireless,No Lighting,AZERTY,104,35.47,1.13
Lenovo,Lenovo Model 445,Membrane,Wireless,No Lighting,QWERTY,108,59.91,1.17
SteelSeries,SteelSeries Model 423,Mechanical - Red,Bluetooth,RGB,DVORAK,87,217.74,1.74
Asus,Asus Model 834,Mechanical - Red,Wired + Wireless,RGB,AZERTY,61,230.61,1.45
HyperX,HyperX Model 301,Mechanical - Brown,Wired,No Lighting,DVORAK,87,26.56,0.63
HP,HP Model 438,Scissor,Bluetooth,RGB,AZERTY,87,26.6,0.9
HP,HP Model 344,Scissor,Wired + Wireless,Single Color,AZERTY,87,241.33,0.94
Lenovo,Lenovo Model 151,Mechanical - Blue,Wireless,Single Color,QWERTY,108,53.35,1.42
Razer,Razer Model 285,Membrane,Wired + Wireless,RGB,QWERTY,61,130.43,1.38
Keychron,Keychron Model 191,Scissor,Wireless,Single Color,QWERTY,87,133.09,0.55
Asus,Asus Model 659,Mechanical - Blue,Wired,No Lighting,DVORAK,61,58.96,0.53
Asus,Asus Model 954,Mechanical - Brown,Wireless,No Lighting,QWERTY,61,218.29,1.17
Keychron,Keychron Model 491,Mechanical - Red,Wired,Single Color,AZERTY,104,240.94,1.15
Dell,Dell Model 539,Membrane,Wired,Single Color,DVORAK,104,161.97,0.97
Asus,Asus Model 815,Mechanical - Brown,Wired + Wireless,RGB,QWERTY,104,123.84,1.2
Asus,Asus Model 379,Mechanical - Brown,Wired,RGB,DVORAK,108,127.73,0.87
HP,HP Model 902,Mechanical - Blue,Wired,RGB,QWERTY,104,149.11,0.85
Acer,Acer Model 822,Membrane,Bluetooth,Single Color,DVORAK,104,218.67,1.6
Dell,Dell Model 634,Scissor,Wired,RGB,DVORAK,87,202.98,1.39
Asus,Asus Model 460,Scissor,Wireless,RGB,DVORAK,87,187.16,1.18
SteelSeries,SteelSeries Model 110,Mechanical - Blue,Wireless,Single Color,QWERTY,61,231.28,1.02
Acer,Acer Model 436,Mechanical - Blue,Wired,No Lighting,DVORAK,61,183.61,0.76
SteelSeries,SteelSeries Model 356,Mechanical - Brown,Wired + Wireless,RGB,QWERTY,108,81.34,0.55
Asus,Asus Model 727,Membrane,Bluetooth,Single Color,AZERTY,61,221.94,0.88
Asus,Asus Model 959,Scissor,Wired + Wireless,No Lighting,QWERTY,104,21.39,1.74
SteelSeries,SteelSeries Model 985,Scissor,Wired,Single Color,DVORAK,104,89.84,0.94
Dell,Dell Model 370,Membrane,Bluetooth,Single Color,AZERTY,87,125.4,0.76
Acer,Acer Model 520,Mechanical - Brown,Wired + Wireless,No Lighting,DVORAK,108,245.06,1.73
Acer,Acer Model 893,Membrane,Wireless,RGB,QWERTY,108,83.3,0.53
Asus,Asus Model 537,Mechanical - Red,Bluetooth,No Lighting,DVORAK,108,54.12,1.29
HP,HP Model 470,Scissor,Bluetooth,No Lighting,QWERTY,104,179.65,1.15
Corsair,Corsair Model 296,Mechanical - Red,Wired + Wireless,RGB,AZERTY,87,221.38,1.38
Cooler Master,Cooler Master Model 956,Scissor,Wired + Wireless,No Lighting,DVORAK,104,25.66,1.53
Logitech,Logitech Model 349,Membrane,Wired + Wireless,RGB,AZERTY,108,81.55,0.95
SteelSeries,SteelSeries Model 613,Mechanical - Brown,Wireless,No Lighting,DVORAK,108,51.4,1.47
Corsair,Corsair Model 770,Membrane,Wired,No Lighting,AZERTY,104,219.08,0.76
Acer,Acer Model 557,Mechanical - Blue,Bluetooth,Single Color,AZERTY,61,136.21,1.37
Corsair,Corsair Model 948,Mechanical - Red,Wired,RGB,QWERTY,104,162.14,0.61
Lenovo,Lenovo Model 459,Mechanical - Blue,Wired + Wireless,No Lighting,QWERTY,104,34.15,1.13
HP,HP Model 412,Membrane,Bluetooth,RGB,AZERTY,61,87.48,1.21
Corsair,Corsair Model 218,Mechanical - Brown,Bluetooth,No Lighting,AZERTY,87,120.13,1.1
Redragon,Redragon Model 472,Mechanical - Red,Wireless,RGB,DVORAK,87,195.52,0.84
Razer,Razer Model 402,Scissor,Wireless,Single Color,AZERTY,87,37.07,1.55
HyperX,HyperX Model 747,Mechanical - Red,Wired + Wireless,Single Color,QWERTY,104,165.14,1.65
Razer,Razer Model 416,Membrane,Wireless,No Lighting,QWERTY,108,139.43,1.62
SteelSeries,SteelSeries Model 789,Mechanical - Brown,Wired + Wireless,RGB,AZERTY,108,168.2,1.09
Dell,Dell Model 767,Mechanical - Red,Bluetooth,Single Color,DVORAK,104,72.44,0.62
Logitech,Logitech Model 366,Membrane,Wired,Single Color,DVORAK,108,148.15,1.65
SteelSeries,SteelSeries Model 887,Membrane,Wired + Wireless,No Lighting,QWERTY,104,171.66,0.74
Dell,Dell Model 311,Mechanical - Brown,Bluetooth,No Lighting,QWERTY,108,180.02,0.73
Corsair,Corsair Model 692,Mechanical - Blue,Wireless,Single Color,AZERTY,61,245.52,1.36
Microsoft,Microsoft Model 992,Membrane,Wired + Wireless,No Lighting,DVORAK,61,115.07,1.28
Asus,Asus Model 474,Mechanical - Red,Wired,RGB,DVORAK,104,43.42,1.33
Microsoft,Microsoft Model 220,Mechanical - Blue,Wired + Wireless,No Lighting,AZERTY,104,133.19,0.99
Acer,Acer Model 753,Mechanical - Blue,Bluetooth,Single Color,QWERTY,87,166.62,1.4
HyperX,HyperX Model 653,Mechanical - Red,Bluetooth,No Lighting,AZERTY,87,217.66,1.11
HP,HP Model 640,Mechanical - Blue,Wired,No Lighting,DVORAK,61,146.88,1.71
Keychron,Keychron Model 143,Scissor,Wired + Wireless,RGB,QWERTY,87,126.34,1.29
Dell,Dell Model 333,Mechanical - Brown,Bluetooth,Single Color,DVORAK,87,130.06,1.78
Razer,Razer Model 663,Membrane,Wireless,RGB,QWERTY,87,176.98,0.81
Microsoft,Microsoft Model 272,Mechanical - Brown,Wired,No Lighting,AZERTY,104,178.64,1.39
Dell,Dell Model 511,Scissor,Wired + Wireless,RGB,AZERTY,108,248.64,1.26
Logitech,Logitech Model 889,Mechanical - Blue,Wireless,RGB,AZERTY,87,183.06,1.67
Redragon,Redragon Model 967,Mechanical - Red,Wireless,Single Color,DVORAK,104,246.73,0.69
Corsair,Corsair Model 212,Membrane,Bluetooth,Single Color,QWERTY,87,48.77,1.58
Acer,Acer Model 619,Mechanical - Blue,Wireless,Single Color,AZERTY,87,41.27,1.18
Logitech,Logitech Model 503,Mechanical - Blue,Wired + Wireless,Single Color,QWERTY,87,89.6,1.52
Dell,Dell Model 774,Scissor,Wired + Wireless,RGB,AZERTY,104,207.13,0.61
Corsair,Corsair Model 863,Mechanical - Brown,Wireless,No Lighting,DVORAK,61,121.88,1.01
Lenovo,Lenovo Model 857,Mechanical - Brown,Wireless,No Lighting,DVORAK,104,123.42,1.64
Microsoft,Microsoft Model 194,Mechanical - Brown,Wired,Single Color,QWERTY,108,159.01,1.78
Corsair,Corsair Model 629,Scissor,Bluetooth,Single Color,AZERTY,108,223.06,0.51
Logitech,Logitech Model 164,Mechanical - Brown,Wired + Wireless,No Lighting,DVORAK,108,116.02,1.15
Razer,Razer Model 408,Mechanical - Brown,Wireless,Single Color,DVORAK,108,22.51,1.2
Keychron,Keychron Model 970,Scissor,Wired,No Lighting,QWERTY,87,145.48,0.86
Acer,Acer Model 206,Mechanical - Brown,Wireless,Single Color,AZERTY,87,205.78,0.91
HP,HP Model 974,Mechanical - Blue,Wired,Single Color,DVORAK,61,112.16,0.88
Logitech,Logitech Model 617,Mechanical - Blue,Bluetooth,No Lighting,DVORAK,104,247.33,1.07
Asus,Asus Model 765,Mechanical - Red,Wireless,RGB,QWERTY,87,74.52,0.73
Microsoft,Microsoft Model 449,Mechanical - Blue,Wired,No Lighting,DVORAK,87,213.75,1.74
Razer,Razer Model 586,Scissor,Wired,No Lighting,QWERTY,87,69.14,1.05
Cooler Master,Cooler Master Model 826,Mechanical - Red,Bluetooth,Single Color,DVORAK,104,114.27,1.2
Acer,Acer Model 639,Mechanical - Blue,Wireless,Single Color,DVORAK,61,41.99,0.88
Lenovo,Lenovo Model 460,Membrane,Wireless,RGB,QWERTY,104,183.65,1.52
HyperX,HyperX Model 193,Mechanical - Red,Wired + Wireless,RGB,AZERTY,61,51.42,0.76
Lenovo,Lenovo Model 189,Scissor,Wired,No Lighting,DVORAK,108,148.87,1.14
Asus,Asus Model 453,Scissor,Wired + Wireless,No Lighting,QWERTY,108,204.83,1.1
SteelSeries,SteelSeries Model 623,Scissor,Wireless,RGB,QWERTY,104,30.92,1.02
SteelSeries,SteelSeries Model 388,Mechanical - Blue,Wired + Wireless,RGB,DVORAK,87,238.19,1.1
Microsoft,Microsoft Model 135,Membrane,Wired + Wireless,RGB,QWERTY,108,189.33,0.65
Lenovo,Lenovo Model 320,Mechanical - Blue,Wireless,Single Color,AZERTY,87,138.23,1.05
Dell,Dell Model 571,Scissor,Bluetooth,Single Color,AZERTY,61,23.21,0.75
Corsair,Corsair Model 792,Mechanical - Brown,Wired + Wireless,No Lighting,QWERTY,108,156.53,1.4
Microsoft,Microsoft Model 672,Mechanical - Brown,Wired + Wireless,RGB,AZERTY,104,109.14,1.22
Lenovo,Lenovo Model 198,Membrane,Bluetooth,RGB,QWERTY,104,145.13,1.76
Razer,Razer Model 637,Scissor,Wired + Wireless,RGB,AZERTY,104,24.51,1.33
Corsair,Corsair Model 675,Membrane,Wired + Wireless,RGB,DVORAK,104,105.74,1.78
Razer,Razer Model 384,Mechanical - Red,Wired,Single Color,DVORAK,108,156.54,1.63
SteelSeries,SteelSeries Model 276,Mechanical - Brown,Bluetooth,RGB,AZERTY,87,84.61,0.56
Cooler Master,Cooler Master Model 829,Mechanical - Brown,Wired + Wireless,No Lighting,AZERTY,61,30.63,1.11
Keychron,Keychron Model 351,Mechanical - Red,Wired + Wireless,No Lighting,AZERTY,108,107.67,1.34
Logitech,Logitech Model 552,Membrane,Bluetooth,No Lighting,DVORAK,87,144.59,1.36
Logitech,Logitech Model 629,Mechanical - Blue,Wired + Wireless,RGB,QWERTY,61,81.58,0.78
Asus,Asus Model 268,Scissor,Bluetooth,Single Color,DVORAK,108,86.26,0.8
Razer,Razer Model 731,Membrane,Wired + Wireless,RGB,DVORAK,108,31.87,1.42
Logitech,Logitech Model 358,Mechanical - Brown,Wired,RGB,QWERTY,87,173.3,0.51
Redragon,Redragon Model 760,Mechanical - Red,Wired,No Lighting,AZERTY,104,118.53,1.08
HP,HP Model 519,Scissor,Wired,RGB,DVORAK,104,183.55,1.26
Logitech,Logitech Model 452,Scissor,Wired,Single Color,DVORAK,104,214.04,0.86
Asus,Asus Model 813,Scissor,Wired + Wireless,Single Color,AZERTY,61,115.69,1.64
Dell,Dell Model 178,Mechanical - Red,Bluetooth,Single Color,DVORAK,61,47.8,0.57
Asus,Asus Model 746,Mechanical - Red,Wireless,RGB,QWERTY,108,97.88,1.28
Acer,Acer Model 772,Mechanical - Blue,Wireless,No Lighting,AZERTY,108,149.9,1.37
SteelSeries,SteelSeries Model 816,Mechanical - Red,Bluetooth,No Lighting,DVORAK,87,121.32,0.66
HP,HP Model 401,Mechanical - Blue,Wired,No Lighting,DVORAK,87,206.59,1.05
SteelSeries,SteelSeries Model 689,Membrane,Wired,RGB,AZERTY,61,194.34,0.64
Redragon,Redragon Model 345,Mechanical - Blue,Wired + Wireless,Single Color,DVORAK,61,44.33,1.62
Lenovo,Lenovo Model 808,Mechanical - Brown,Wireless,Single Color,AZERTY,104,105.16,1.0
Acer,Acer Model 884,Mechanical - Red,Wired,No Lighting,QWERTY,87,72.52,0.85
Logitech,Logitech Model 145,Scissor,Wired,Single Color,AZERTY,61,85.78,1.76
Lenovo,Lenovo Model 604,Mechanical - Blue,Wired + Wireless,No Lighting,DVORAK,87,141.53,0.73
Razer,Razer Model 561,Mechanical - Red,Wireless,No Lighting,QWERTY,87,113.93,1.26
HyperX,HyperX Model 805,Scissor,Wireless,No Lighting,DVORAK,87,108.15,1.67
Acer,Acer Model 319,Mechanical - Brown,Wired + Wireless,Single Color,AZERTY,61,164.54,0.96
Asus,Asus Model 152,Mechanical - Brown,Wired + Wireless,RGB,QWERTY,104,37.44,1.7
Corsair,Corsair Model 798,Membrane,Bluetooth,No Lighting,DVORAK,61,80.98,1.53
Cooler Master,Cooler Master Model 566,Mechanical - Red,Wireless,No Lighting,QWERTY,108,129.01,1.5
Lenovo,Lenovo Model 492,Mechanical - Red,Wired,RGB,DVORAK,104,36.74,1.8
HP,HP Model 223,Membrane,Wireless,No Lighting,AZERTY,87,133.98,1.04
Asus,Asus Model 591,Membrane,Wired,RGB,QWERTY,108,52.19,0.83
Cooler Master,Cooler Master Model 293,Mechanical - Brown,Wired + Wireless,RGB,DVORAK,61,224.67,0.57
Dell,Dell Model 623,Scissor,Wireless,Single Color,AZERTY,108,113.46,1.49
Redragon,Redragon Model 644,Scissor,Wired + Wireless,No Lighting,AZERTY,104,74.72,1.17
SteelSeries,SteelSeries Model 641,Mechanical - Blue,Bluetooth,Single Color,QWERTY,108,43.47,0.91
Razer,Razer Model 564,Mechanical - Blue,Wired + Wireless,RGB,QWERTY,104,70.27,1.36
Razer,Razer Model 289,Mechanical - Brown,Wired + Wireless,RGB,DVORAK,104,199.92,1.65
HyperX,HyperX Model 138,Mechanical - Brown,Wired,Single Color,AZERTY,61,160.98,1.21
Redragon,Redragon Model 172,Scissor,Bluetooth,No Lighting,DVORAK,108,140.34,0.99
Lenovo,Lenovo Model 296,Mechanical - Brown,Wired + Wireless,No Lighting,AZERTY,104,229.81,0.66
Microsoft,Microsoft Model 335,Mechanical - Brown,Wireless,No Lighting,DVORAK,61,23.78,0.67
SteelSeries,SteelSeries Model 970,Membrane,Wired,No Lighting,QWERTY,61,66.5,1.54
SteelSeries,SteelSeries Model 553,Scissor,Wired,Single Color,AZERTY,61,239.85,1.19
Logitech,Logitech Model 645,Scissor,Wireless,No Lighting,QWERTY,104,40.09,0.61
Logitech,Logitech Model 799,Mechanical - Blue,Wired + Wireless,No Lighting,DVORAK,104,215.22,1.71
Keychron,Keychron Model 836,Scissor,Wired,Single Color,AZERTY,87,125.05,1.53
Asus,Asus Model 445,Mechanical - Brown,Wireless,RGB,AZERTY,87,55.41,0.84
HyperX,HyperX Model 709,Mechanical - Red,Wired + Wireless,RGB,AZERTY,61,168.93,1.41
Cooler Master,Cooler Master Model 604,Mechanical - Red,Bluetooth,Single Color,DVORAK,104,191.18,0.95
HyperX,HyperX Model 920,Mechanical - Brown,Wired + Wireless,RGB,DVORAK,108,31.55,1.35
Redragon,Redragon Model 729,Mechanical - Red,Wireless,No Lighting,AZERTY,61,61.04,1.31
SteelSeries,SteelSeries Model 366,Mechanical - Blue,Wired,No Lighting,AZERTY,61,54.31,1.74
Microsoft,Microsoft Model 223,Mechanical - Red,Wired + Wireless,RGB,AZERTY,108,206.75,0.6
Razer,Razer Model 342,Mechanical - Brown,Wireless,No Lighting,AZERTY,104,85.6,0.77
Dell,Dell Model 172,Mechanical - Red,Wireless,Single Color,AZERTY,61,64.92,0.93
Dell,Dell Model 396,Mechanical - Brown,Wired + Wireless,RGB,DVORAK,108,149.0,0.63
Lenovo,Lenovo Model 182,Membrane,Wired + Wireless,No Lighting,QWERTY,87,44.48,1.42
Keychron,Keychron Model 859,Mechanical - Blue,Wired + Wireless,Single Color,AZERTY,104,89.74,0.75
Acer,Acer Model 208,Scissor,Wired + Wireless,Single Color,AZERTY,87,152.83,1.44
Cooler Master,Cooler Master Model 596,Mechanical - Red,Wired,RGB,AZERTY,87,217.96,0.57
Redragon,Redragon Model 421,Mechanical - Brown,Wired,RGB,QWERTY,108,141.02,1.77
Dell,Dell Model 391,Mechanical - Brown,Bluetooth,No Lighting,AZERTY,108,156.39,1.76
HP,HP Model 968,Membrane,Wired + Wireless,No Lighting,AZERTY,61,202.02,0.84
Lenovo,Lenovo Model 264,Mechanical - Blue,Wired + Wireless,RGB,DVORAK,104,222.52,0.54
Asus,Asus Model 305,Mechanical - Brown,Bluetooth,RGB,DVORAK,87,85.84,1.3
Logitech,Logitech Model 951,Membrane,Wired,No Lighting,DVORAK,61,202.03,0.99
Cooler Master,Cooler Master Model 201,Membrane,Wireless,Single Color,DVORAK,61,67.97,1.04
HyperX,HyperX Model 519,Mechanical - Brown,Wired,No Lighting,DVORAK,61,63.95,1.39
Corsair,Corsair Model 586,Scissor,Wireless,Single Color,DVORAK,104,150.94,0.82
Lenovo,Lenovo Model 146,Mechanical - Brown,Bluetooth,Single Color,QWERTY,61,120.42,1.07
Dell,Dell Model 525,Mechanical - Brown,Bluetooth,No Lighting,QWERTY,104,55.83,1.27
Lenovo,Lenovo Model 514,Mechanical - Brown,Wired + Wireless,No Lighting,QWERTY,104,114.19,1.8
Dell,Dell Model 824,Mechanical - Brown,Wireless,Single Color,AZERTY,87,157.25,0.87
Lenovo,Lenovo Model 774,Mechanical - Red,Wired,Single Color,DVORAK,61,137.0,1.15
Logitech,Logitech Model 831,Mechanical - Brown,Wired + Wireless,RGB,AZERTY,87,141.35,0.88
Microsoft,Microsoft Model 389,Mechanical - Blue,Bluetooth,Single Color,AZERTY,87,71.76,0.87
Lenovo,Lenovo Model 623,Mechanical - Red,Wired + Wireless,No Lighting,AZERTY,61,87.48,0.66
Redragon,Redragon Model 348,Scissor,Wireless,Single Color,DVORAK,108,75.31,0.98
Logitech,Logitech Model 731,Membrane,Bluetooth,Single Color,AZERTY,108,232.71,1.45
HP,HP Model 998,Mechanical - Brown,Wired,No Lighting,DVORAK,104,216.74,1.64
Cooler Master,Cooler Master Model 505,Mechanical - Red,Wired,RGB,DVORAK,61,29.28,1.61
HP,HP Model 823,Scissor,Wireless,No Lighting,DVORAK,61,99.03,0.6
Cooler Master,Cooler Master Model 915,Membrane,Wired,RGB,QWERTY,104,138.1,1.63
Asus,Asus Model 308,Membrane,Wired + Wireless,No Lighting,AZERTY,104,186.4,1.31
Logitech,Logitech Model 278,Mechanical - Brown,Bluetooth,Single Color,DVORAK,104,65.64,1.6
HP,HP Model 488,Mechanical - Red,Wired,No Lighting,DVORAK,87,91.85,1.04
Cooler Master,Cooler Master Model 201,Scissor,Wired + Wireless,No Lighting,AZERTY,108,180.29,1.37
SteelSeries,SteelSeries Model 550,Mechanical - Brown,Wireless,No Lighting,QWERTY,61,70.62,0.88
Keychron,Keychron Model 376,Mechanical - Red,Bluetooth,Single Color,AZERTY,104,189.77,1.41
Razer,Razer Model 245,Membrane,Bluetooth,No Lighting,DVORAK,104,173.7,1.22
Lenovo,Lenovo Model 925,Mechanical - Red,Bluetooth,No Lighting,DVORAK,104,139.52,1.06
Dell,Dell Model 558,Mechanical - Red,Wired + Wireless,RGB,DVORAK,108,210.04,1.39
Dell,Dell Model 281,Mechanical - Red,Wired,Single Color,DVORAK,87,167.1,1.66
Microsoft,Microsoft Model 929,Mechanical - Blue,Wired,No Lighting,DVORAK,61,243.76,0.69
Razer,Razer Model 454,Mechanical - Red,Wired,No Lighting,AZERTY,87,64.85,0.93
Lenovo,Lenovo Model 840,Membrane,Bluetooth,RGB,AZERTY,104,118.82,1.41
Dell,Dell Model 286,Mechanical - Red,Wired,Single Color,DVORAK,104,111.49,0.85
Cooler Master,Cooler Master Model 403,Mechanical - Blue,Wired + Wireless,Single Color,QWERTY,61,115.76,1.37
SteelSeries,SteelSeries Model 509,Mechanical - Blue,Wired,RGB,DVORAK,61,178.98,0.6
HP,HP Model 757,Mechanical - Brown,Bluetooth,RGB,DVORAK,87,92.78,0.63
Lenovo,Lenovo Model 186,Membrane,Wired,No Lighting,AZERTY,61,146.1,0.67
HyperX,HyperX Model 790,Mechanical - Blue,Wired,Single Color,DVORAK,87,230.24,0.53
Razer,Razer Model 296,Membrane,Wired,No Lighting,QWERTY,104,36.46,1.08
Razer,Razer Model 945,Mechanical - Brown,Wireless,Single Color,QWERTY,61,158.17,1.43
Microsoft,Microsoft Model 518,Mechanical - Red,Wired + Wireless,Single Color,QWERTY,104,33.13,0.69
SteelSeries,SteelSeries Model 301,Mechanical - Brown,Wired,RGB,AZERTY,87,75.32,1.75
Redragon,Redragon Model 337,Membrane,Bluetooth,RGB,AZERTY,61,92.76,1.45
HyperX,HyperX Model 961,Mechanical - Blue,Wired + Wireless,Single Color,QWERTY,104,109.78,0.65
Logitech,Logitech Model 523,Scissor,Wired,RGB,QWERTY,104,222.03,0.6
HyperX,HyperX Model 829,Mechanical - Red,Wireless,RGB,QWERTY,61,74.69,1.0
Dell,Dell Model 729,Mechanical - Red,Wired,No Lighting,DVORAK,61,167.29,1.75
Microsoft,Microsoft Model 391,Mechanical - Red,Wired + Wireless,RGB,AZERTY,104,111.75,1.2
HyperX,HyperX Model 881,Mechanical - Blue,Wireless,RGB,DVORAK,108,70.97,1.72
Cooler Master,Cooler Master Model 223,Membrane,Wired + Wireless,No Lighting,QWERTY,104,26.79,0.74
HP,HP Model 954,Membrane,Wired,No Lighting,QWERTY,108,149.94,1.17
Razer,Razer Model 707,Membrane,Wired + Wireless,No Lighting,AZERTY,104,27.65,0.64
Cooler Master,Cooler Master Model 229,Scissor,Wireless,No Lighting,QWERTY,104,121.66,0.87
Cooler Master,Cooler Master Model 149,Mechanical - Red,Wireless,RGB,AZERTY,61,221.73,1.1
Redragon,Redragon Model 349,Scissor,Bluetooth,No Lighting,DVORAK,87,237.13,0.93
Asus,Asus Model 700,Scissor,Wired + Wireless,Single Color,DVORAK,108,25.24,0.53
HP,HP Model 536,Mechanical - Red,Bluetooth,No Lighting,QWERTY,61,113.39,0.78
Keychron,Keychron Model 808,Mechanical - Brown,Wireless,Single Color,DVORAK,61,128.69,0.63
HyperX,HyperX Model 674,Mechanical - Blue,Wired,No Lighting,AZERTY,87,219.47,0.71
Razer,Razer Model 922,Scissor,Bluetooth,Single Color,DVORAK,87,239.41,1.18
HyperX,HyperX Model 841,Mechanical - Red,Bluetooth,No Lighting,AZERTY,104,28.78,1.22
Corsair,Corsair Model 746,Mechanical - Red,Bluetooth,Single Color,AZERTY,108,188.84,0.59
Lenovo,Lenovo Model 333,Mechanical - Red,Wired,Single Color,DVORAK,61,204.61,0.74
Dell,Dell Model 577,Mechanical - Red,Wired,RGB,AZERTY,87,23.95,1.13
Asus,Asus Model 522,Membrane,Wired,RGB,DVORAK,108,137.28,0.67
HP,HP Model 364,Mechanical - Brown,Wired + Wireless,No Lighting,DVORAK,87,61.86,1.76
Cooler Master,Cooler Master Model 754,Mechanical - Blue,Bluetooth,RGB,DVORAK,61,143.06,0.66
HyperX,HyperX Model 310,Membrane,Bluetooth,RGB,AZERTY,61,23.54,1.71
Keychron,Keychron Model 734,Scissor,Wired + Wireless,Single Color,DVORAK,104,105.05,1.77
Logitech,Logitech Model 815,Scissor,Wired + Wireless,No Lighting,DVORAK,87,122.12,1.19
Dell,Dell Model 874,Mechanical - Blue,Bluetooth,Single Color,DVORAK,108,33.24,1.08
HP,HP Model 931,Scissor,Wired,No Lighting,DVORAK,108,111.05,1.33
Acer,Acer Model 331,Mechanical - Brown,Wired,Single Color,AZERTY,87,79.37,0.76
HyperX,HyperX Model 466,Mechanical - Red,Wireless,RGB,AZERTY,61,211.07,1.77
Lenovo,Lenovo Model 138,Membrane,Wireless,Single Color,AZERTY,108,119.86,0.5
Lenovo,Lenovo Model 333,Membrane,Wired + Wireless,Single Color,DVORAK,104,206.72,0.97
SteelSeries,SteelSeries Model 100,Mechanical - Brown,Wired,RGB,AZERTY,108,86.93,0.92
Asus,Asus Model 550,Mechanical - Blue,Wired + Wireless,No Lighting,AZERTY,104,163.16,0.55
Corsair,Corsair Model 811,Mechanical - Brown,Bluetooth,Single Color,AZERTY,104,66.76,0.74
Razer,Razer Model 329,Scissor,Wireless,No Lighting,QWERTY,87,92.99,1.52
SteelSeries,SteelSeries Model 861,Membrane,Bluetooth,Single Color,QWERTY,87,57.5,0.61
Microsoft,Microsoft Model 679,Mechanical - Red,Wired,RGB,DVORAK,108,166.26,1.5
HP,HP Model 912,Mechanical - Brown,Wired,Single Color,AZERTY,61,101.69,1.73
Keychron,Keychron Model 978,Scissor,Wireless,Single Color,AZERTY,104,160.76,1.28
Asus,Asus Model 755,Scissor,Wired,Single Color,DVORAK,87,128.98,0.79
Microsoft,Microsoft Model 688,Scissor,Wired,Single Color,AZERTY,87,142.28,1.25
Cooler Master,Cooler Master Model 624,Mechanical - Red,Wired,No Lighting,QWERTY,108,196.08,0.94
Lenovo,Lenovo Model 809,Mechanical - Red,Wired + Wireless,Single Color,AZERTY,108,135.56,1.41
Corsair,Corsair Model 162,Membrane,Wireless,No Lighting,QWERTY,87,163.03,1.22
Corsair,Corsair Model 465,Mechanical - Brown,Wired,Single Color,AZERTY,61,202.64,1.24
Keychron,Keychron Model 160,Membrane,Wireless,No Lighting,DVORAK,104,161.91,0.89
Acer,Acer Model 411,Mechanical - Blue,Wired + Wireless,RGB,QWERTY,87,109.81,0.98
Redragon,Redragon Model 792,Mechanical - Red,Wired + Wireless,Single Color,DVORAK,104,236.96,1.03
Asus,Asus Model 570,Scissor,Bluetooth,No Lighting,QWERTY,104,187.22,1.75
Acer,Acer Model 131,Mechanical - Red,Bluetooth,RGB,DVORAK,104,206.06,1.15
Razer,Razer Model 299,Mechanical - Blue,Wired + Wireless,RGB,DVORAK,61,30.89,0.75
Corsair,Corsair Model 981,Scissor,Bluetooth,Single Color,DVORAK,61,224.48,1.35
Logitech,Logitech Model 938,Mechanical - Brown,Bluetooth,RGB,AZERTY,61,146.86,1.08
Keychron,Keychron Model 420,Membrane,Wired,No Lighting,AZERTY,87,121.74,0.76
HyperX,HyperX Model 621,Mechanical - Red,Wireless,No Lighting,DVORAK,104,161.72,1.71
HP,HP Model 398,Mechanical - Red,Wired,No Lighting,DVORAK,87,218.98,1.09
Asus,Asus Model 499,Mechanical - Blue,Bluetooth,RGB,AZERTY,87,228.71,0.76
Keychron,Keychron Model 187,Membrane,Bluetooth,No Lighting,QWERTY,108,133.98,0.69
Logitech,Logitech Model 139,Scissor,Wireless,Single Color,DVORAK,104,115.92,1.48
Dell,Dell Model 564,Mechanical - Brown,Wireless,RGB,DVORAK,104,63.26,0.98
Keychron,Keychron Model 646,Scissor,Wired + Wireless,RGB,DVORAK,87,213.98,1.76
Redragon,Redragon Model 190,Mechanical - Brown,Bluetooth,No Lighting,DVORAK,108,246.55,0.9
Redragon,Redragon Model 383,Scissor,Wired,No Lighting,DVORAK,108,194.59,1.37
Razer,Razer Model 630,Mechanical - Brown,Wired + Wireless,No Lighting,AZERTY,104,127.1,1.75
Lenovo,Lenovo Model 854,Membrane,Bluetooth,RGB,AZERTY,104,140.35,0.56
HyperX,HyperX Model 838,Mechanical - Brown,Wired,No Lighting,AZERTY,87,216.82,1.69
Acer,Acer Model 883,Mechanical - Brown,Wired + Wireless,No Lighting,QWERTY,108,139.66,0.83
SteelSeries,SteelSeries Model 875,Scissor,Wired + Wireless,Single Color,AZERTY,104,210.98,0.59
Asus,Asus Model 133,Mechanical - Brown,Wired + Wireless,Single Color,QWERTY,108,173.24,1.11
HyperX,HyperX Model 693,Mechanical - Brown,Wired + Wireless,Single Color,QWERTY,87,60.92,0.64
Microsoft,Microsoft Model 643,Mechanical - Red,Bluetooth,RGB,DVORAK,61,103.0,1.62
HP,HP Model 275,Mechanical - Red,Wired + Wireless,Single Color,QWERTY,108,229.39,0.83
Acer,Acer Model 546,Scissor,Bluetooth,RGB,AZERTY,61,49.63,1.8
HP,HP Model 801,Mechanical - Red,Wired + Wireless,No Lighting,DVORAK,108,86.32,0.61
Cooler Master,Cooler Master Model 524,Scissor,Wireless,RGB,AZERTY,61,217.35,1.47
Keychron,Keychron Model 783,Mechanical - Red,Wired + Wireless,RGB,DVORAK,87,228.43,1.12
HyperX,HyperX Model 112,Scissor,Wired,Single Color,DVORAK,104,205.59,1.13
Asus,Asus Model 262,Membrane,Wireless,No Lighting,AZERTY,108,222.12,1.21
Lenovo,Lenovo Model 825,Mechanical - Red,Wired,RGB,QWERTY,87,101.75,0.79
Lenovo,Lenovo Model 357,Mechanical - Red,Wireless,No Lighting,QWERTY,87,24.86,1.43
Lenovo,Lenovo Model 181,Mechanical - Blue,Wired + Wireless,No Lighting,QWERTY,108,77.63,1.05
Cooler Master,Cooler Master Model 475,Mechanical - Brown,Wireless,RGB,AZERTY,108,46.54,1.25
Microsoft,Microsoft Model 436,Mechanical - Red,Wired + Wireless,No Lighting,AZERTY,108,165.96,1.71
Lenovo,Lenovo Model 860,Mechanical - Red,Wired,RGB,DVORAK,61,138.16,1.3
SteelSeries,SteelSeries Model 868,Mechanical - Brown,Wired,Single Color,AZERTY,61,81.38,0.79
HyperX,HyperX Model 648,Mechanical - Brown,Wired,RGB,AZERTY,108,59.6,0.55
Corsair,Corsair Model 249,Mechanical - Blue,Bluetooth,RGB,DVORAK,87,126.51,1.53
Asus,Asus Model 159,Mechanical - Red,Wireless,RGB,QWERTY,61,52.72,1.23
Asus,Asus Model 811,Mechanical - Red,Wired + Wireless,RGB,AZERTY,87,167.34,0.63
Cooler Master,Cooler Master Model 645,Mechanical - Red,Wired,RGB,DVORAK,108,219.47,0.66
HP,HP Model 760,Membrane,Bluetooth,Single Color,AZERTY,104,206.43,0.82
Keychron,Keychron Model 757,Mechanical - Blue,Bluetooth,Single Color,QWERTY,61,189.59,1.2
Dell,Dell Model 675,Mechanical - Blue,Wireless,RGB,QWERTY,104,139.41,0.78
Lenovo,Lenovo Model 988,Mechanical - Brown,Bluetooth,RGB,AZERTY,87,182.77,1.29
Corsair,Corsair Model 954,Mechanical - Blue,Wired + Wireless,RGB,QWERTY,108,140.96,1.04
HP,HP Model 182,Mechanical - Brown,Wired + Wireless,Single Color,QWERTY,61,27.26,1.27
HyperX,HyperX Model 665,Mechanical - Blue,Bluetooth,RGB,AZERTY,61,228.51,0.64
HyperX,HyperX Model 609,Mechanical - Brown,Wired + Wireless,Single Color,QWERTY,108,222.7,1.37
Asus,Asus Model 536,Mechanical - Blue,Bluetooth,No Lighting,DVORAK,104,41.2,1.62
HP,HP Model 317,Scissor,Bluetooth,Single Color,AZERTY,108,43.27,1.35
Redragon,Redragon Model 344,Membrane,Wired,No Lighting,QWERTY,61,190.95,1.45
SteelSeries,SteelSeries Model 838,Mechanical - Blue,Bluetooth,Single Color,QWERTY,108,59.94,1.23
Acer,Acer Model 663,Mechanical - Blue,Bluetooth,RGB,AZERTY,104,108.94,0.76
Razer,Razer Model 583,Mechanical - Brown,Bluetooth,RGB,AZERTY,61,62.36,1.03
Cooler Master,Cooler Master Model 776,Mechanical - Blue,Wired,RGB,QWERTY,104,44.77,0.65
Keychron,Keychron Model 103,Membrane,Bluetooth,RGB,QWERTY,61,151.86,1.37
Redragon,Redragon Model 867,Scissor,Wired + Wireless,RGB,DVORAK,61,151.8,0.67
Asus,Asus Model 389,Mechanical - Brown,Wireless,No Lighting,QWERTY,61,32.11,0.73
Razer,Razer Model 429,Mechanical - Red,Wired,RGB,AZERTY,61,91.7,1.44
Cooler Master,Cooler Master Model 710,Mechanical - Red,Wired,RGB,AZERTY,61,181.51,0.72
Keychron,Keychron Model 778,Membrane,Wired,No Lighting,DVORAK,108,79.83,1.37
Redragon,Redragon Model 438,Scissor,Wireless,No Lighting,AZERTY,61,227.18,1.17
Keychron,Keychron Model 153,Scissor,Bluetooth,No Lighting,AZERTY,61,184.36,0.82
Lenovo,Lenovo Model 614,Mechanical - Red,Wired + Wireless,RGB,AZERTY,108,86.91,1.29
HP,HP Model 397,Mechanical - Brown,Wireless,RGB,DVORAK,104,130.29,1.06
Microsoft,Microsoft Model 991,Membrane,Wireless,No Lighting,QWERTY,104,114.6,1.48
Cooler Master,Cooler Master Model 203,Mechanical - Brown,Wired,Single Color,AZERTY,61,219.2,1.37
Redragon,Redragon Model 118,Mechanical - Blue,Wired + Wireless,No Lighting,QWERTY,87,41.42,0.76
Redragon,Redragon Model 341,Mechanical - Blue,Wired + Wireless,Single Color,AZERTY,104,175.55,1.69
Redragon,Redragon Model 338,Mechanical - Red,Bluetooth,Single Color,AZERTY,61,148.09,1.73
Redragon,Redragon Model 825,Membrane,Wired,Single Color,DVORAK,61,144.4,0.98
SteelSeries,SteelSeries Model 602,Scissor,Wired + Wireless,No Lighting,AZERTY,104,141.48,1.14
Keychron,Keychron Model 393,Mechanical - Brown,Wired + Wireless,Single Color,DVORAK,61,117.17,1.31
Microsoft,Microsoft Model 524,Membrane,Bluetooth,No Lighting,DVORAK,104,58.34,0.79
HyperX,HyperX Model 991,Scissor,Wired + Wireless,RGB,QWERTY,87,76.95,1.59
Logitech,Logitech Model 258,Mechanical - Brown,Wireless,RGB,AZERTY,61,125.37,0.7
Logitech,Logitech Model 268,Scissor,Wired + Wireless,Single Color,QWERTY,104,129.33,0.85
Dell,Dell Model 279,Mechanical - Blue,Wireless,Single Color,AZERTY,108,75.93,0.84
Microsoft,Microsoft Model 223,Mechanical - Blue,Bluetooth,Single Color,AZERTY,61,234.2,0.55
Microsoft,Microsoft Model 402,Membrane,Wired,Single Color,QWERTY,61,52.92,1.34
Lenovo,Lenovo Model 497,Scissor,Wired,No Lighting,AZERTY,61,42.08,1.26
Lenovo,Lenovo Model 438,Mechanical - Blue,Wired + Wireless,RGB,DVORAK,104,66.12,1.79
Corsair,Corsair Model 465,Membrane,Bluetooth,RGB,DVORAK,61,214.89,0.9
HP,HP Model 339,Membrane,Wired + Wireless,Single Color,QWERTY,87,81.92,0.71
SteelSeries,SteelSeries Model 654,Membrane,Wired + Wireless,Single Color,DVORAK,104,212.7,1.76
Corsair,Corsair Model 969,Membrane,Wired + Wireless,Single Color,QWERTY,61,138.17,0.67
Microsoft,Microsoft Model 684,Scissor,Wired,No Lighting,QWERTY,104,164.38,1.58
Lenovo,Lenovo Model 889,Mechanical - Blue,Wired,Single Color,QWERTY,108,94.87,1.2
Razer,Razer Model 458,Mechanical - Blue,Bluetooth,Single Color,QWERTY,61,79.16,0.86
Keychron,Keychron Model 180,Mechanical - Brown,Wired + Wireless,Single Color,QWERTY,108,195.9,0.8
Keychron,Keychron Model 324,Mechanical - Red,Wired + Wireless,Single Color,DVORAK,104,112.07,1.2
SteelSeries,SteelSeries Model 791,Mechanical - Blue,Wireless,RGB,AZERTY,108,97.7,1.13
Cooler Master,Cooler Master Model 249,Membrane,Bluetooth,Single Color,DVORAK,108,95.51,1.0
Cooler Master,Cooler Master Model 959,Membrane,Bluetooth,RGB,QWERTY,61,226.27,0.85
Cooler Master,Cooler Master Model 871,Mechanical - Red,Wired,Single Color,DVORAK,108,240.42,0.56
Asus,Asus Model 466,Mechanical - Red,Wireless,Single Color,AZERTY,108,97.75,0.84
Redragon,Redragon Model 670,Mechanical - Brown,Bluetooth,RGB,DVORAK,87,66.97,1.05
HP,HP Model 233,Membrane,Wireless,No Lighting,QWERTY,108,84.04,0.93
Acer,Acer Model 853,Mechanical - Blue,Wired + Wireless,Single Color,AZERTY,61,101.24,0.86
Asus,Asus Model 375,Mechanical - Brown,Bluetooth,RGB,AZERTY,104,49.02,0.52
Logitech,Logitech Model 949,Mechanical - Red,Wired + Wireless,No Lighting,AZERTY,61,158.93,0.74
HP,HP Model 122,Membrane,Bluetooth,RGB,AZERTY,87,62.62,0.93
Corsair,Corsair Model 753,Mechanical - Blue,Bluetooth,No Lighting,AZERTY,87,138.11,0.97
Razer,Razer Model 480,Mechanical - Blue,Bluetooth,No Lighting,AZERTY,61,178.6,1.47
HyperX,HyperX Model 726,Scissor,Wireless,RGB,AZERTY,104,79.68,1.68
Redragon,Redragon Model 980,Mechanical - Brown,Wireless,Single Color,QWERTY,61,219.41,1.75
Keychron,Keychron Model 403,Membrane,Wired,No Lighting,DVORAK,104,64.42,1.23
Redragon,Redragon Model 338,Membrane,Wired + Wireless,RGB,AZERTY,104,63.44,0.75
Acer,Acer Model 155,Mechanical - Brown,Wireless,No Lighting,DVORAK,104,131.07,0.56
Keychron,Keychron Model 356,Scissor,Bluetooth,Single Color,QWERTY,104,195.02,1.27
HyperX,HyperX Model 339,Mechanical - Brown,Bluetooth,No Lighting,AZERTY,108,113.52,0.95
HP,HP Model 572,Mechanical - Brown,Wired,No Lighting,AZERTY,104,77.66,1.11
Razer,Razer Model 335,Mechanical - Brown,Wired + Wireless,No Lighting,QWERTY,61,185.84,1.5
HP,HP Model 924,Mechanical - Red,Bluetooth,RGB,DVORAK,87,102.21,0.62
Logitech,Logitech Model 635,Mechanical - Blue,Wired,RGB,QWERTY,104,56.79,0.75
Lenovo,Lenovo Model 417,Scissor,Wireless,RGB,AZERTY,61,150.83,1.65
Keychron,Keychron Model 614,Mechanical - Blue,Wired,No Lighting,DVORAK,104,248.44,1.42
Corsair,Corsair Model 938,Mechanical - Red,Bluetooth,RGB,AZERTY,61,106.03,1.37
Keychron,Keychron Model 654,Scissor,Wired + Wireless,Single Color,QWERTY,104,70.19,0.77
Corsair,Corsair Model 431,Mechanical - Brown,Wired,Single Color,DVORAK,61,64.27,1.35
Cooler Master,Cooler Master Model 679,Membrane,Bluetooth,RGB,AZERTY,61,151.57,0.97
Acer,Acer Model 895,Mechanical - Red,Wired,RGB,DVORAK,108,215.86,1.21
HP,HP Model 167,Mechanical - Blue,Wired,RGB,AZERTY,104,149.05,1.21
SteelSeries,SteelSeries Model 430,Scissor,Wireless,No Lighting,DVORAK,108,119.46,1.46
Dell,Dell Model 488,Mechanical - Red,Wired,RGB,DVORAK,108,194.39,0.58
Logitech,Logitech Model 275,Membrane,Wired + Wireless,RGB,AZERTY,108,177.54,1.25
Cooler Master,Cooler Master Model 395,Mechanical - Red,Bluetooth,No Lighting,QWERTY,61,132.26,1.49
SteelSeries,SteelSeries Model 547,Mechanical - Red,Wired + Wireless,RGB,DVORAK,61,200.74,1.47
Razer,Razer Model 373,Mechanical - Red,Wireless,RGB,AZERTY,87,147.99,1.69
Dell,Dell Model 962,Mechanical - Blue,Bluetooth,Single Color,AZERTY,108,102.26,0.61
Dell,Dell Model 437,Mechanical - Blue,Wired + Wireless,Single Color,DVORAK,104,66.29,0.59
Corsair,Corsair Model 560,Mechanical - Blue,Wired + Wireless,RGB,DVORAK,108,80.65,1.68
Lenovo,Lenovo Model 294,Mechanical - Blue,Wired,Single Color,AZERTY,87,130.61,1.0
Keychron,Keychron Model 754,Mechanical - Blue,Bluetooth,No Lighting,AZERTY,104,167.13,0.83
Asus,Asus Model 223,Mechanical - Blue,Wired + Wireless,Single Color,QWERTY,61,147.32,0.94
Cooler Master,Cooler Master Model 342,Mechanical - Blue,Wired + Wireless,No Lighting,AZERTY,87,127.01,1.41
Microsoft,Microsoft Model 978,Mechanical - Brown,Wireless,RGB,QWERTY,87,52.4,1.63
Corsair,Corsair Model 767,Mechanical - Red,Wired,Single Color,AZERTY,104,54.87,1.32
Logitech,Logitech Model 396,Mechanical - Blue,Wireless,No Lighting,AZERTY,87,80.2,1.46
Lenovo,Lenovo Model 858,Mechanical - Brown,Wired + Wireless,RGB,QWERTY,104,75.56,1.41
Lenovo,Lenovo Model 757,Mechanical - Brown,Wireless,Single Color,AZERTY,87,21.32,1.1
Cooler Master,Cooler Master Model 977,Mechanical - Brown,Wireless,RGB,AZERTY,104,109.91,0.7
Logitech,Logitech Model 195,Mechanical - Blue,Wireless,RGB,QWERTY,87,171.12,0.72
Corsair,Corsair Model 820,Scissor,Wired,No Lighting,AZERTY,104,141.65,1.15
Dell,Dell Model 234,Mechanical - Brown,Wireless,No Lighting,AZERTY,104,240.75,1.46
SteelSeries,SteelSeries Model 899,Mechanical - Blue,Wired,RGB,QWERTY,108,126.73,0.71
HyperX,HyperX Model 872,Mechanical - Blue,Wired + Wireless,Single Color,QWERTY,61,28.11,1.09
Keychron,Keychron Model 412,Scissor,Wired,RGB,AZERTY,87,142.83,0.94
Lenovo,Lenovo Model 355,Mechanical - Brown,Bluetooth,Single Color,AZERTY,87,81.18,0.58
Logitech,Logitech Model 876,Membrane,Wired + Wireless,Single Color,QWERTY,108,206.55,0.53
Lenovo,Lenovo Model 285,Mechanical - Red,Wired,Single Color,AZERTY,87,119.45,0.97
Logitech,Logitech Model 243,Mechanical - Brown,Bluetooth,RGB,AZERTY,87,212.78,1.44
Corsair,Corsair Model 479,Membrane,Bluetooth,RGB,AZERTY,108,204.31,0.62
Corsair,Corsair Model 851,Mechanical - Blue,Wired,No Lighting,QWERTY,108,72.66,1.07
Dell,Dell Model 625,Mechanical - Red,Wireless,RGB,DVORAK,61,245.06,0.68
Razer,Razer Model 288,Mechanical - Brown,Wireless,Single Color,QWERTY,61,93.2,1.49
SteelSeries,SteelSeries Model 422,Mechanical - Blue,Wired,RGB,QWERTY,87,117.82,1.62
Dell,Dell Model 687,Mechanical - Blue,Bluetooth,RGB,AZERTY,87,221.78,1.16
HP,HP Model 561,Mechanical - Brown,Wired,No Lighting,QWERTY,87,27.84,1.74
Microsoft,Microsoft Model 310,Mechanical - Red,Wireless,No Lighting,AZERTY,61,67.41,1.37
HyperX,HyperX Model 795,Membrane,Wireless,RGB,DVORAK,61,132.91,1.32
SteelSeries,SteelSeries Model 213,Membrane,Bluetooth,No Lighting,QWERTY,61,121.58,1.14
Logitech,Logitech Model 610,Scissor,Wired + Wireless,RGB,AZERTY,104,165.39,1.28
SteelSeries,SteelSeries Model 713,Mechanical - Brown,Wired + Wireless,Single Color,AZERTY,108,189.1,1.24
Corsair,Corsair Model 452,Mechanical - Blue,Wired,RGB,AZERTY,108,26.65,1.22
Razer,Razer Model 838,Membrane,Wireless,No Lighting,AZERTY,61,199.34,1.72
Lenovo,Lenovo Model 575,Scissor,Bluetooth,RGB,AZERTY,87,197.11,1.51
Lenovo,Lenovo Model 877,Scissor,Wireless,Single Color,QWERTY,108,111.97,0.91
Logitech,Logitech Model 224,Mechanical - Brown,Bluetooth,Single Color,DVORAK,104,117.19,1.21
Corsair,Corsair Model 795,Mechanical - Blue,Bluetooth,RGB,DVORAK,87,211.35,0.96
Razer,Razer Model 829,Scissor,Wired + Wireless,Single Color,AZERTY,104,37.84,1.29
Redragon,Redragon Model 750,Mechanical - Red,Wired,RGB,QWERTY,104,179.06,0.7
Logitech,Logitech Model 658,Mechanical - Red,Wired,Single Color,DVORAK,108,145.14,1.1
Microsoft,Microsoft Model 103,Mechanical - Red,Wired,RGB,QWERTY,87,151.68,1.67
Razer,Razer Model 947,Scissor,Wired,No Lighting,QWERTY,61,30.91,0.96
Lenovo,Lenovo Model 603,Membrane,Wired,Single Color,DVORAK,104,73.86,1.68
Asus,Asus Model 827,Mechanical - Brown,Wired + Wireless,Single Color,DVORAK,104,26.23,0.71
Asus,Asus Model 100,Mechanical - Brown,Wired + Wireless,RGB,AZERTY,61,41.24,1.63
Dell,Dell Model 946,Mechanical - Blue,Wired + Wireless,Single Color,DVORAK,61,135.8,0.64
HP,HP Model 199,Scissor,Bluetooth,No Lighting,QWERTY,87,69.54,0.71
HP,HP Model 866,Scissor,Wired,RGB,QWERTY,108,92.84,1.36
Acer,Acer Model 837,Scissor,Wired + Wireless,RGB,AZERTY,108,142.45,1.38
SteelSeries,SteelSeries Model 646,Mechanical - Red,Wired,Single Color,DVORAK,108,188.4,0.54
HyperX,HyperX Model 572,Mechanical - Blue,Wired,Single Color,AZERTY,61,45.42,1.06
Dell,Dell Model 343,Mechanical - Blue,Wired + Wireless,No Lighting,QWERTY,104,95.0,1.45
Microsoft,Microsoft Model 307,Membrane,Bluetooth,Single Color,DVORAK,108,91.73,1.31
HyperX,HyperX Model 478,Mechanical - Red,Bluetooth,RGB,DVORAK,87,190.07,1.08
Keychron,Keychron Model 220,Mechanical - Blue,Wired,RGB,DVORAK,104,147.65,0.76
Cooler Master,Cooler Master Model 785,Mechanical - Brown,Bluetooth,RGB,DVORAK,87,171.9,0.52
Corsair,Corsair Model 685,Mechanical - Blue,Wired,RGB,AZERTY,104,34.88,1.4
Lenovo,Lenovo Model 667,Membrane,Wired + Wireless,RGB,QWERTY,104,123.17,1.26
Razer,Razer Model 111,Scissor,Bluetooth,No Lighting,QWERTY,104,57.32,1.13
Dell,Dell Model 838,Membrane,Bluetooth,Single Color,DVORAK,61,202.03,1.44
HyperX,HyperX Model 336,Mechanical - Brown,Wireless,No Lighting,QWERTY,61,40.75,0.89
Dell,Dell Model 647,Mechanical - Blue,Wired,Single Color,QWERTY,104,184.23,0.79
SteelSeries,SteelSeries Model 384,Mechanical - Blue,Wired + Wireless,RGB,DVORAK,104,25.7,0.89
Microsoft,Microsoft Model 742,Membrane,Wireless,Single Color,DVORAK,108,100.82,1.06
Logitech,Logitech Model 309,Mechanical - Brown,Wireless,RGB,QWERTY,108,29.83,0.76
Asus,Asus Model 294,Membrane,Wireless,Single Color,QWERTY,104,111.09,0.96
Lenovo,Lenovo Model 236,Scissor,Wired,RGB,QWERTY,61,142.38,0.55
Redragon,Redragon Model 402,Mechanical - Red,Wireless,Single Color,DVORAK,104,246.49,0.79
Acer,Acer Model 987,Mechanical - Blue,Wired,Single Color,QWERTY,61,179.2,0.93
Redragon,Redragon Model 302,Membrane,Wired + Wireless,Single Color,AZERTY,87,36.83,1.1
Redragon,Redragon Model 921,Mechanical - Red,Bluetooth,Single Color,DVORAK,108,231.75,1.51
Corsair,Corsair Model 321,Mechanical - Brown,Wired,RGB,QWERTY,61,109.34,1.35
Corsair,Corsair Model 595,Mechanical - Red,Wireless,RGB,DVORAK,61,144.76,1.5
SteelSeries,SteelSeries Model 720,Mechanical - Red,Wired + Wireless,RGB,QWERTY,87,126.86,1.7
SteelSeries,SteelSeries Model 719,Mechanical - Red,Bluetooth,RGB,QWERTY,87,161.34,1.47
Redragon,Redragon Model 363,Membrane,Bluetooth,No Lighting,DVORAK,61,122.88,0.71
Lenovo,Lenovo Model 610,Mechanical - Blue,Wired,RGB,DVORAK,108,130.07,1.76
Cooler Master,Cooler Master Model 230,Scissor,Wireless,No Lighting,AZERTY,104,70.98,0.53
SteelSeries,SteelSeries Model 721,Mechanical - Brown,Wired,RGB,AZERTY,87,179.06,1.7
Cooler Master,Cooler Master Model 884,Mechanical - Brown,Wired + Wireless,No Lighting,DVORAK,87,145.34,1.61
HyperX,HyperX Model 342,Mechanical - Blue,Wireless,RGB,QWERTY,108,173.54,0.64
Cooler Master,Cooler Master Model 940,Scissor,Wireless,RGB,AZERTY,104,169.07,1.55
Asus,Asus Model 322,Scissor,Wireless,RGB,AZERTY,108,128.37,1.3
Cooler Master,Cooler Master Model 702,Mechanical - Red,Bluetooth,No Lighting,QWERTY,104,125.6,1.78
Lenovo,Lenovo Model 523,Membrane,Wireless,No Lighting,QWERTY,87,90.43,0.96
Corsair,Corsair Model 491,Mechanical - Red,Wireless,Single Color,DVORAK,108,208.08,1.12
Razer,Razer Model 926,Mechanical - Brown,Bluetooth,RGB,QWERTY,61,111.72,1.42
Logitech,Logitech Model 563,Mechanical - Blue,Wired + Wireless,RGB,QWERTY,104,62.24,1.44
Acer,Acer Model 315,Mechanical - Blue,Wired + Wireless,No Lighting,AZERTY,108,56.51,1.2
Keychron,Keychron Model 859,Scissor,Bluetooth,RGB,DVORAK,104,151.93,1.17
SteelSeries,SteelSeries Model 580,Scissor,Wired + Wireless,No Lighting,DVORAK,87,118.45,0.51
Cooler Master,Cooler Master Model 632,Membrane,Bluetooth,RGB,AZERTY,108,125.08,0.58
Acer,Acer Model 923,Mechanical - Blue,Wired,No Lighting,QWERTY,108,71.7,1.02
SteelSeries,SteelSeries Model 989,Mechanical - Brown,Wired + Wireless,No Lighting,QWERTY,108,64.03,1.27
SteelSeries,SteelSeries Model 198,Mechanical - Red,Wired,RGB,QWERTY,61,109.36,1.15
Lenovo,Lenovo Model 666,Mechanical - Blue,Wired + Wireless,No Lighting,AZERTY,87,230.63,1.42
SteelSeries,SteelSeries Model 603,Mechanical - Blue,Wired + Wireless,No Lighting,AZERTY,61,104.02,1.7
Microsoft,Microsoft Model 243,Mechanical - Red,Bluetooth,RGB,DVORAK,108,224.6,0.53
Logitech,Logitech Model 728,Scissor,Wired + Wireless,Single Color,AZERTY,104,208.54,1.13
Acer,Acer Model 609,Mechanical - Brown,Bluetooth,Single Color,AZERTY,61,170.56,1.47
Logitech,Logitech Model 397,Mechanical - Blue,Wired,No Lighting,AZERTY,87,121.54,1.13
SteelSeries,SteelSeries Model 205,Mechanical - Brown,Wired,Single Color,QWERTY,108,72.12,1.41
Microsoft,Microsoft Model 633,Mechanical - Blue,Wireless,RGB,DVORAK,108,102.51,0.54
Keychron,Keychron Model 398,Scissor,Wireless,Single Color,DVORAK,108,108.97,1.44
Cooler Master,Cooler Master Model 815,Scissor,Wireless,RGB,AZERTY,104,185.03,0.8
HyperX,HyperX Model 991,Mechanical - Brown,Wireless,RGB,DVORAK,108,118.77,1.66
HP,HP Model 736,Mechanical - Brown,Wired + Wireless,No Lighting,DVORAK,61,43.65,1.4
Asus,Asus Model 146,Scissor,Wireless,RGB,DVORAK,104,146.13,0.64
Dell,Dell Model 391,Scissor,Wireless,No Lighting,DVORAK,61,191.89,0.58
Lenovo,Lenovo Model 912,Membrane,Wired,No Lighting,QWERTY,87,136.66,0.6
Corsair,Corsair Model 109,Scissor,Wireless,RGB,QWERTY,87,245.78,1.5
SteelSeries,SteelSeries Model 589,Mechanical - Brown,Wired,RGB,QWERTY,104,123.45,1.47
Redragon,Redragon Model 669,Mechanical - Blue,Wired + Wireless,No Lighting,DVORAK,108,147.82,0.52
Razer,Razer Model 458,Scissor,Wired,Single Color,DVORAK,104,40.28,1.48
HyperX,HyperX Model 351,Scissor,Wired + Wireless,No Lighting,QWERTY,104,89.81,0.99
Acer,Acer Model 470,Mechanical - Red,Wired + Wireless,RGB,AZERTY,61,167.92,1.65
Keychron,Keychron Model 854,Mechanical - Blue,Wired + Wireless,No Lighting,DVORAK,104,247.51,1.36
HP,HP Model 202,Mechanical - Blue,Wired,No Lighting,DVORAK,61,64.43,0.54
SteelSeries,SteelSeries Model 553,Mechanical - Red,Bluetooth,Single Color,DVORAK,87,27.08,1.34
Redragon,Redragon Model 141,Membrane,Bluetooth,Single Color,AZERTY,87,213.65,1.3
HP,HP Model 673,Scissor,Wired + Wireless,Single Color,AZERTY,104,152.3,1.15
Dell,Dell Model 492,Mechanical - Brown,Bluetooth,RGB,QWERTY,87,212.89,1.06
Lenovo,Lenovo Model 359,Mechanical - Red,Wired,No Lighting,AZERTY,87,69.78,1.34
Microsoft,Microsoft Model 940,Membrane,Wireless,Single Color,QWERTY,61,114.78,0.62
Redragon,Redragon Model 141,Mechanical - Blue,Wireless,Single Color,AZERTY,108,167.23,0.94
SteelSeries,SteelSeries Model 816,Mechanical - Red,Wireless,No Lighting,AZERTY,87,200.45,0.67
Redragon,Redragon Model 588,Membrane,Wired + Wireless,RGB,DVORAK,61,225.78,0.53
Keychron,Keychron Model 179,Mechanical - Blue,Wired + Wireless,RGB,DVORAK,61,192.34,1.45
HyperX,HyperX Model 262,Membrane,Wired + Wireless,No Lighting,QWERTY,87,109.84,1.74
Dell,Dell Model 429,Membrane,Bluetooth,No Lighting,DVORAK,87,233.43,1.28
Asus,Asus Model 241,Mechanical - Blue,Wired + Wireless,No Lighting,AZERTY,87,152.88,1.78
Asus,Asus Model 842,Mechanical - Red,Wired + Wireless,RGB,AZERTY,108,205.43,0.84
Corsair,Corsair Model 374,Mechanical - Brown,Bluetooth,Single Color,DVORAK,104,162.43,1.22
Dell,Dell Model 330,Scissor,Wired,RGB,QWERTY,61,23.53,1.68
Razer,Razer Model 935,Mechanical - Brown,Wireless,No Lighting,QWERTY,61,236.9,1.19
Acer,Acer Model 109,Mechanical - Red,Bluetooth,Single Color,QWERTY,108,76.21,1.51
Cooler Master,Cooler Master Model 917,Mechanical - Red,Wired + Wireless,Single Color,DVORAK,104,232.79,0.66
Corsair,Corsair Model 471,Mechanical - Brown,Wireless,RGB,QWERTY,104,112.33,1.72
SteelSeries,SteelSeries Model 599,Scissor,Wireless,Single Color,AZERTY,108,215.13,0.53
Logitech,Logitech Model 936,Membrane,Wired + Wireless,Single Color,QWERTY,87,139.4,1.12
Redragon,Redragon Model 629,Mechanical - Brown,Wired + Wireless,Single Color,DVORAK,61,122.55,0.92
Acer,Acer Model 419,Mechanical - Red,Wireless,No Lighting,QWERTY,87,51.97,1.73
Logitech,Logitech Model 472,Scissor,Bluetooth,No Lighting,DVORAK,104,52.57,1.5
Cooler Master,Cooler Master Model 342,Scissor,Wireless,No Lighting,DVORAK,61,81.01,1.01
Corsair,Corsair Model 227,Mechanical - Brown,Wired + Wireless,Single Color,AZERTY,87,133.44,1.44
Dell,Dell Model 352,Scissor,Bluetooth,No Lighting,QWERTY,61,93.82,1.59
HyperX,HyperX Model 151,Mechanical - Blue,Wired,RGB,DVORAK,61,213.79,0.61
Dell,Dell Model 240,Scissor,Wired,No Lighting,DVORAK,104,249.05,1.47
Acer,Acer Model 355,Membrane,Wired,No Lighting,DVORAK,108,236.71,1.36
HyperX,HyperX Model 636,Mechanical - Brown,Wired,Single Color,QWERTY,108,94.55,0.84
Cooler Master,Cooler Master Model 746,Scissor,Wired,RGB,QWERTY,61,128.07,0.75
HP,HP Model 427,Mechanical - Red,Wired,Single Color,DVORAK,87,232.55,1.13
Microsoft,Microsoft Model 993,Scissor,Wireless,RGB,QWERTY,104,146.93,0.63
Asus,Asus Model 143,Scissor,Wireless,RGB,QWERTY,61,112.07,0.93
Microsoft,Microsoft Model 588,Scissor,Wired + Wireless,Single Color,DVORAK,87,54.02,1.74
Logitech,Logitech Model 303,Scissor,Wireless,Single Color,AZERTY,108,104.38,1.06
HyperX,HyperX Model 201,Scissor,Bluetooth,No Lighting,DVORAK,104,93.28,1.3
HP,HP Model 785,Mechanical - Red,Bluetooth,No Lighting,QWERTY,87,159.52,1.11
Lenovo,Lenovo Model 802,Mechanical - Red,Bluetooth,Single Color,AZERTY,104,162.18,1.6
Keychron,Keychron Model 408,Mechanical - Blue,Wired + Wireless,Single Color,AZERTY,104,81.94,0.87
Redragon,Redragon Model 558,Scissor,Wireless,RGB,DVORAK,108,120.97,1.07
Asus,Asus Model 531,Membrane,Wired + Wireless,RGB,QWERTY,87,165.01,1.33
Lenovo,Lenovo Model 773,Mechanical - Red,Wired + Wireless,No Lighting,QWERTY,61,32.29,1.62
HP,HP Model 114,Mechanical - Blue,Wireless,No Lighting,QWERTY,104,121.18,0.86
Cooler Master,Cooler Master Model 763,Mechanical - Red,Bluetooth,RGB,DVORAK,61,191.7,1.01
Dell,Dell Model 316,Membrane,Bluetooth,Single Color,DVORAK,108,20.3,0.68
Cooler Master,Cooler Master Model 177,Mechanical - Brown,Bluetooth,Single Color,DVORAK,108,44.49,0.6
Razer,Razer Model 839,Mechanical - Brown,Wired,No Lighting,AZERTY,61,181.79,1.56
Acer,Acer Model 440,Mechanical - Brown,Wired,Single Color,DVORAK,87,192.4,1.56
Redragon,Redragon Model 663,Mechanical - Brown,Bluetooth,Single Color,AZERTY,108,68.1,1.68
Corsair,Corsair Model 202,Mechanical - Red,Wireless,No Lighting,DVORAK,87,72.32,1.04
SteelSeries,SteelSeries Model 721,Mechanical - Brown,Wired + Wireless,RGB,DVORAK,61,221.4,1.68
Logitech,Logitech Model 964,Scissor,Wired + Wireless,RGB,DVORAK,104,221.97,1.17
Corsair,Corsair Model 363,Mechanical - Blue,Wireless,Single Color,AZERTY,87,48.2,1.62
Corsair,Corsair Model 130,Mechanical - Red,Wireless,RGB,QWERTY,87,198.93,1.05
Razer,Razer Model 333,Membrane,Wireless,No Lighting,QWERTY,108,186.81,1.4
SteelSeries,SteelSeries Model 198,Mechanical - Red,Bluetooth,Single Color,QWERTY,108,60.82,1.27
Logitech,Logitech Model 184,Mechanical - Red,Wireless,RGB,AZERTY,104,152.23,0.94
Microsoft,Microsoft Model 855,Mechanical - Red,Bluetooth,RGB,QWERTY,87,238.69,1.35
SteelSeries,SteelSeries Model 564,Scissor,Wired,RGB,DVORAK,61,123.65,0.5
Keychron,Keychron Model 261,Scissor,Bluetooth,RGB,DVORAK,104,114.66,1.02
HP,HP Model 133,Mechanical - Brown,Bluetooth,Single Color,DVORAK,87,220.51,1.18
SteelSeries,SteelSeries Model 466,Membrane,Bluetooth,No Lighting,QWERTY,87,249.57,0.98
HP,HP Model 731,Scissor,Wired,RGB,AZERTY,104,33.34,1.24
Redragon,Redragon Model 592,Scissor,Wired + Wireless,Single Color,QWERTY,108,184.17,0.86
Redragon,Redragon Model 672,Mechanical - Blue,Wired + Wireless,No Lighting,DVORAK,108,103.19,1.62
HyperX,HyperX Model 217,Mechanical - Brown,Wireless,RGB,DVORAK,104,160.45,0.64
HyperX,HyperX Model 246,Mechanical - Blue,Wired,No Lighting,AZERTY,104,237.99,1.49
Redragon,Redragon Model 554,Membrane,Wired + Wireless,RGB,AZERTY,61,181.07,0.75
Razer,Razer Model 822,Mechanical - Blue,Wired + Wireless,Single Color,AZERTY,61,21.89,0.71
Acer,Acer Model 513,Mechanical - Brown,Wired,RGB,AZERTY,61,28.02,0.53
Logitech,Logitech Model 788,Mechanical - Blue,Wireless,RGB,DVORAK,104,21.79,1.78
Lenovo,Lenovo Model 487,Membrane,Wireless,No Lighting,AZERTY,87,249.1,1.39
Dell,Dell Model 309,Mechanical - Brown,Wired + Wireless,RGB,QWERTY,87,71.1,1.34
HyperX,HyperX Model 940,Mechanical - Red,Wired + Wireless,No Lighting,DVORAK,61,37.78,0.59
Cooler Master,Cooler Master Model 801,Mechanical - Red,Wired,Single Color,AZERTY,87,25.82,1.55
Microsoft,Microsoft Model 183,Mechanical - Blue,Wired,RGB,AZERTY,104,70.05,0.72
HP,HP Model 628,Membrane,Wireless,Single Color,QWERTY,104,46.45,1.21
Razer,Razer Model 560,Mechanical - Brown,Wireless,Single Color,DVORAK,108,142.93,1.46
Corsair,Corsair Model 348,Scissor,Bluetooth,RGB,QWERTY,108,29.63,1.77
Acer,Acer Model 233,Scissor,Wireless,Single Color,DVORAK,87,44.37,1.21
Keychron,Keychron Model 639,Membrane,Wired + Wireless,Single Color,AZERTY,104,179.26,0.75
Razer,Razer Model 448,Membrane,Wireless,Single Color,DVORAK,61,210.81,0.91
Asus,Asus Model 406,Membrane,Wired,Single Color,DVORAK,61,99.42,0.62
HP,HP Model 393,Mechanical - Red,Bluetooth,No Lighting,DVORAK,108,121.89,1.41
HP,HP Model 481,Mechanical - Brown,Wired + Wireless,No Lighting,QWERTY,108,146.61,1.25
Redragon,Redragon Model 574,Mechanical - Blue,Wireless,No Lighting,QWERTY,104,34.64,1.37
Asus,Asus Model 617,Scissor,Wired,No Lighting,QWERTY,104,69.13,1.7
Acer,Acer Model 377,Mechanical - Brown,Wired + Wireless,Single Color,AZERTY,61,130.45,1.56
Redragon,Redragon Model 518,Mechanical - Red,Bluetooth,No Lighting,AZERTY,108,80.71,0.92
HP,HP Model 959,Scissor,Wired + Wireless,Single Color,DVORAK,61,148.99,0.75
HyperX,HyperX Model 211,Mechanical - Red,Wired,RGB,DVORAK,87,68.38,1.38
Lenovo,Lenovo Model 713,Mechanical - Red,Wired,RGB,DVORAK,87,99.98,1.33
Asus,Asus Model 175,Mechanical - Red,Bluetooth,Single Color,DVORAK,87,87.17,1.22
Lenovo,Lenovo Model 683,Mechanical - Red,Wireless,No Lighting,AZERTY,108,203.12,0.91
SteelSeries,SteelSeries Model 715,Mechanical - Red,Wired + Wireless,RGB,DVORAK,108,57.17,1.31
HyperX,HyperX Model 204,Membrane,Wired,Single Color,QWERTY,87,59.82,0.53
Logitech,Logitech Model 524,Mechanical - Blue,Bluetooth,Single Color,DVORAK,108,139.95,1.18
Logitech,Logitech Model 697,Mechanical - Brown,Wired,Single Color,AZERTY,61,41.92,0.69
SteelSeries,SteelSeries Model 189,Membrane,Bluetooth,RGB,DVORAK,61,228.28,1.58
Asus,Asus Model 342,Scissor,Wired + Wireless,No Lighting,DVORAK,61,92.78,1.59
HyperX,HyperX Model 388,Mechanical - Brown,Wired,RGB,AZERTY,61,193.46,0.64
Dell,Dell Model 121,Membrane,Wired + Wireless,Single Color,DVORAK,87,158.19,1.04
Redragon,Redragon Model 586,Mechanical - Brown,Wireless,No Lighting,AZERTY,104,225.07,1.56
HyperX,HyperX Model 900,Mechanical - Blue,Bluetooth,Single Color,AZERTY,104,27.83,1.15
HyperX,HyperX Model 204,Membrane,Bluetooth,Single Color,AZERTY,61,101.52,1.7
Lenovo,Lenovo Model 112,Membrane,Wireless,RGB,QWERTY,104,127.88,1.3
Keychron,Keychron Model 257,Mechanical - Blue,Wired + Wireless,No Lighting,DVORAK,104,179.12,1.18
Acer,Acer Model 147,Membrane,Wired,RGB,DVORAK,104,120.67,0.79
Dell,Dell Model 369,Mechanical - Brown,Bluetooth,Single Color,QWERTY,87,198.62,0.89
Asus,Asus Model 874,Mechanical - Blue,Wireless,No Lighting,DVORAK,104,55.7,1.24
Dell,Dell Model 758,Mechanical - Blue,Bluetooth,Single Color,AZERTY,87,143.99,0.64
Keychron,Keychron Model 654,Mechanical - Brown,Wired + Wireless,Single Color,QWERTY,108,229.84,1.32
Logitech,Logitech Model 315,Membrane,Wired + Wireless,No Lighting,AZERTY,61,47.54,0.8
Microsoft,Microsoft Model 829,Mechanical - Brown,Bluetooth,RGB,QWERTY,108,192.5,0.66
Microsoft,Microsoft Model 381,Mechanical - Brown,Wired + Wireless,Single Color,DVORAK,108,80.98,0.67
Redragon,Redragon Model 696,Mechanical - Blue,Wired + Wireless,RGB,QWERTY,61,230.3,0.69
Corsair,Corsair Model 355,Membrane,Wired,RGB,DVORAK,104,77.2,0.94
Asus,Asus Model 365,Mechanical - Blue,Wireless,RGB,DVORAK,108,190.9,0.74
Redragon,Redragon Model 460,Mechanical - Blue,Wired + Wireless,Single Color,DVORAK,104,164.58,1.01
Dell,Dell Model 589,Membrane,Bluetooth,No Lighting,QWERTY,87,47.46,1.51
Lenovo,Lenovo Model 844,Mechanical - Red,Wired,No Lighting,QWERTY,87,197.09,0.81
Redragon,Redragon Model 154,Scissor,Wired + Wireless,Single Color,AZERTY,104,34.88,1.04
Cooler Master,Cooler Master Model 818,Scissor,Wired + Wireless,Single Color,DVORAK,61,105.52,0.61
Asus,Asus Model 829,Mechanical - Blue,Wired + Wireless,Single Color,QWERTY,104,41.54,0.71
Acer,Acer Model 629,Mechanical - Red,Wired + Wireless,RGB,QWERTY,108,170.45,1.76
Cooler Master,Cooler Master Model 809,Membrane,Wired,Single Color,QWERTY,104,24.89,1.48
Asus,Asus Model 727,Mechanical - Blue,Wireless,Single Color,AZERTY,61,52.79,0.83
Keychron,Keychron Model 168,Mechanical - Brown,Wired,No Lighting,AZERTY,104,229.28,0.7
Redragon,Redragon Model 848,Mechanical - Brown,Wireless,Single Color,QWERTY,61,99.24,0.77
Cooler Master,Cooler Master Model 265,Mechanical - Red,Wireless,No Lighting,QWERTY,104,58.99,0.71
HyperX,HyperX Model 106,Mechanical - Blue,Bluetooth,RGB,DVORAK,108,194.4,0.56
Redragon,Redragon Model 950,Mechanical - Red,Wireless,No Lighting,DVORAK,104,206.81,0.74
HyperX,HyperX Model 387,Membrane,Bluetooth,No Lighting,AZERTY,87,159.49,0.89
Corsair,Corsair Model 681,Scissor,Wired,Single Color,AZERTY,104,146.35,0.9
HyperX,HyperX Model 276,Scissor,Bluetooth,No Lighting,QWERTY,61,224.72,0.62
Acer,Acer Model 952,Scissor,Wired,No Lighting,QWERTY,61,234.76,1.23
Lenovo,Lenovo Model 902,Mechanical - Red,Wired,Single Color,QWERTY,61,138.18,1.74
HP,HP Model 596,Scissor,Bluetooth,Single Color,QWERTY,108,203.04,1.69
Dell,Dell Model 574,Scissor,Wired,No Lighting,QWERTY,108,234.74,0.82
Acer,Acer Model 525,Mechanical - Brown,Wireless,Single Color,AZERTY,61,63.2,1.78
Asus,Asus Model 747,Membrane,Bluetooth,Single Color,AZERTY,87,89.66,0.6
SteelSeries,SteelSeries Model 501,Mechanical - Red,Bluetooth,No Lighting,QWERTY,104,162.91,1.19
Cooler Master,Cooler Master Model 975,Scissor,Wired,RGB,AZERTY,104,131.56,1.72
HP,HP Model 449,Mechanical - Red,Wired + Wireless,No Lighting,QWERTY,87,97.71,0.57
HyperX,HyperX Model 790,Mechanical - Blue,Wireless,Single Color,AZERTY,108,165.57,1.69
Lenovo,Lenovo Model 599,Scissor,Wired + Wireless,No Lighting,DVORAK,61,97.21,1.13
Lenovo,Lenovo Model 563,Mechanical - Blue,Bluetooth,RGB,AZERTY,61,204.24,0.96
Logitech,Logitech Model 501,Membrane,Bluetooth,No Lighting,AZERTY,61,198.11,1.78
Razer,Razer Model 772,Scissor,Wireless,Single Color,AZERTY,104,245.11,1.29
Lenovo,Lenovo Model 383,Membrane,Wired,Single Color,DVORAK,108,191.58,0.63
HP,HP Model 790,Mechanical - Red,Wired,RGB,QWERTY,108,88.25,1.12
Logitech,Logitech Model 466,Membrane,Wired + Wireless,RGB,QWERTY,104,241.26,1.4
Cooler Master,Cooler Master Model 142,Membrane,Wireless,RGB,AZERTY,104,54.26,1.04
HyperX,HyperX Model 231,Mechanical - Blue,Wired + Wireless,RGB,QWERTY,108,235.6,1.16
Microsoft,Microsoft Model 484,Membrane,Wireless,Single Color,AZERTY,104,32.5,0.77
Lenovo,Lenovo Model 534,Mechanical - Blue,Wireless,No Lighting,AZERTY,108,174.01,0.69
Logitech,Logitech Model 695,Mechanical - Brown,Wired,RGB,AZERTY,87,135.84,1.47
Cooler Master,Cooler Master Model 892,Mechanical - Blue,Bluetooth,RGB,QWERTY,108,109.38,1.43
Asus,Asus Model 273,Scissor,Wired,RGB,AZERTY,61,49.61,0.66
Logitech,Logitech Model 815,Membrane,Wired + Wireless,RGB,QWERTY,108,170.55,1.39
Lenovo,Lenovo Model 870,Mechanical - Brown,Bluetooth,No Lighting,QWERTY,61,107.52,1.58
Microsoft,Microsoft Model 650,Mechanical - Brown,Wired + Wireless,No Lighting,DVORAK,104,52.01,1.45
HP,HP Model 395,Membrane,Wired + Wireless,No Lighting,QWERTY,61,183.77,0.93
Keychron,Keychron Model 961,Mechanical - Brown,Wired + Wireless,No Lighting,AZERTY,61,225.53,0.56
Redragon,Redragon Model 968,Mechanical - Red,Bluetooth,RGB,DVORAK,61,159.53,1.57
Redragon,Redragon Model 915,Mechanical - Red,Wired + Wireless,RGB,QWERTY,61,208.54,1.24
Corsair,Corsair Model 937,Mechanical - Red,Wireless,Single Color,QWERTY,108,153.73,1.5
Acer,Acer Model 315,Mechanical - Brown,Wireless,RGB,DVORAK,87,215.81,1.37
Lenovo,Lenovo Model 646,Mechanical - Brown,Wired + Wireless,No Lighting,DVORAK,61,242.09,0.64
Microsoft,Microsoft Model 695,Scissor,Wireless,RGB,DVORAK,108,50.66,1.76
Redragon,Redragon Model 132,Membrane,Wired,Single Color,AZERTY,104,175.6,0.92
Keychron,Keychron Model 755,Membrane,Bluetooth,Single Color,DVORAK,87,220.72,1.13
SteelSeries,SteelSeries Model 762,Mechanical - Red,Wired + Wireless,No Lighting,DVORAK,61,188.46,1.62
Razer,Razer Model 269,Membrane,Wired + Wireless,Single Color,AZERTY,87,106.87,1.49
HP,HP Model 207,Membrane,Wired,No Lighting,AZERTY,108,75.47,1.69
SteelSeries,SteelSeries Model 973,Scissor,Bluetooth,RGB,AZERTY,104,153.3,1.4
HyperX,HyperX Model 896,Membrane,Wired + Wireless,Single Color,DVORAK,108,107.93,0.7
HP,HP Model 889,Mechanical - Red,Wired + Wireless,RGB,DVORAK,87,88.28,0.93
Asus,Asus Model 526,Membrane,Wired,No Lighting,QWERTY,108,136.03,1.3
Lenovo,Lenovo Model 192,Membrane,Wireless,RGB,DVORAK,87,103.84,0.56
Logitech,Logitech Model 415,Scissor,Wireless,Single Color,DVORAK,108,129.65,0.63
HyperX,HyperX Model 795,Membrane,Wired,No Lighting,AZERTY,61,20.32,1.03
HyperX,HyperX Model 303,Mechanical - Blue,Bluetooth,RGB,DVORAK,108,208.48,0.84
Razer,Razer Model 873,Mechanical - Blue,Wired,RGB,AZERTY,104,217.16,1.06
Dell,Dell Model 353,Membrane,Bluetooth,Single Color,DVORAK,104,30.08,0.77
Asus,Asus Model 585,Scissor,Bluetooth,Single Color,DVORAK,87,173.59,1.11
Corsair,Corsair Model 884,Scissor,Wired + Wireless,RGB,AZERTY,104,27.61,1.09
SteelSeries,SteelSeries Model 282,Mechanical - Red,Wired,RGB,AZERTY,87,110.82,0.54
HyperX,HyperX Model 967,Mechanical - Red,Wired,Single Color,DVORAK,87,230.21,1.71
Acer,Acer Model 708,Mechanical - Brown,Wireless,RGB,QWERTY,61,198.17,1.3
Razer,Razer Model 896,Mechanical - Blue,Wireless,RGB,DVORAK,104,32.9,0.93
Logitech,Logitech Model 208,Membrane,Wireless,Single Color,QWERTY,61,209.5,0.91
Dell,Dell Model 579,Mechanical - Red,Wired + Wireless,RGB,DVORAK,104,204.02,0.73
HP,HP Model 525,Mechanical - Red,Wired,RGB,AZERTY,87,158.33,1.53
Microsoft,Microsoft Model 129,Membrane,Wireless,No Lighting,DVORAK,104,112.27,1.66
Redragon,Redragon Model 701,Mechanical - Red,Wired + Wireless,No Lighting,AZERTY,61,54.05,1.36
Keychron,Keychron Model 681,Mechanical - Blue,Bluetooth,Single Color,QWERTY,104,183.29,1.34
Logitech,Logitech Model 666,Mechanical - Blue,Wired + Wireless,No Lighting,AZERTY,108,204.58,0.78
Acer,Acer Model 675,Mechanical - Red,Bluetooth,RGB,AZERTY,104,226.07,1.59
Asus,Asus Model 371,Scissor,Wireless,RGB,DVORAK,108,68.76,0.53
Corsair,Corsair Model 226,Membrane,Wireless,No Lighting,DVORAK,61,110.93,1.27
SteelSeries,SteelSeries Model 859,Mechanical - Red,Wired,Single Color,AZERTY,87,65.45,1.21
Redragon,Redragon Model 732,Scissor,Bluetooth,No Lighting,AZERTY,108,44.32,0.52
Redragon,Redragon Model 578,Mechanical - Blue,Wireless,Single Color,QWERTY,108,232.69,1.12
HP,HP Model 943,Scissor,Bluetooth,Single Color,QWERTY,61,184.01,0.7
HP,HP Model 561,Membrane,Bluetooth,No Lighting,DVORAK,108,171.5,1.35
SteelSeries,SteelSeries Model 216,Membrane,Bluetooth,No Lighting,QWERTY,61,39.45,0.63
Acer,Acer Model 490,Mechanical - Red,Wired,RGB,AZERTY,87,205.29,1.54
Lenovo,Lenovo Model 934,Mechanical - Blue,Wired,No Lighting,DVORAK,87,193.18,0.77
Lenovo,Lenovo Model 669,Scissor,Bluetooth,RGB,AZERTY,87,66.71,0.85
Logitech,Logitech Model 289,Scissor,Wireless,No Lighting,DVORAK,61,110.79,0.84
Keychron,Keychron Model 687,Scissor,Wired + Wireless,RGB,QWERTY,87,42.35,1.47
Keychron,Keychron Model 414,Mechanical - Blue,Bluetooth,RGB,DVORAK,61,38.72,1.37
Keychron,Keychron Model 504,Membrane,Bluetooth,Single Color,QWERTY,61,20.95,1.76
Corsair,Corsair Model 620,Mechanical - Brown,Bluetooth,Single Color,DVORAK,108,109.15,1.06
Dell,Dell Model 509,Mechanical - Brown,Wired + Wireless,RGB,AZERTY,104,128.79,0.63
Keychron,Keychron Model 522,Mechanical - Brown,Bluetooth,Single Color,QWERTY,104,186.99,1.69
Cooler Master,Cooler Master Model 782,Scissor,Wired + Wireless,RGB,DVORAK,108,202.48,0.84
SteelSeries,SteelSeries Model 109,Mechanical - Blue,Wired + Wireless,RGB,DVORAK,108,93.67,0.93
Dell,Dell Model 616,Mechanical - Blue,Wireless,RGB,AZERTY,61,137.37,0.96
Microsoft,Microsoft Model 679,Scissor,Wireless,Single Color,AZERTY,104,236.56,0.75
Cooler Master,Cooler Master Model 692,Mechanical - Brown,Wired + Wireless,No Lighting,AZERTY,87,32.09,1.25
Redragon,Redragon Model 418,Mechanical - Brown,Bluetooth,Single Color,QWERTY,87,126.53,0.68
Logitech,Logitech Model 381,Membrane,Wired,RGB,AZERTY,108,231.52,1.27
Corsair,Corsair Model 979,Mechanical - Red,Bluetooth,RGB,DVORAK,104,47.17,0.78
SteelSeries,SteelSeries Model 372,Membrane,Wireless,Single Color,AZERTY,108,221.66,0.79
Logitech,Logitech Model 144,Mechanical - Brown,Wired + Wireless,Single Color,QWERTY,108,54.57,0.87
Dell,Dell Model 138,Mechanical - Brown,Wired,RGB,AZERTY,108,47.11,0.68
Dell,Dell Model 623,Mechanical - Blue,Wireless,RGB,QWERTY,87,128.29,1.29
Asus,Asus Model 582,Mechanical - Brown,Wireless,No Lighting,AZERTY,61,128.38,1.14
Acer,Acer Model 141,Membrane,Wired,RGB,QWERTY,61,41.98,1.46
Keychron,Keychron Model 308,Mechanical - Red,Bluetooth,RGB,DVORAK,61,26.1,0.58
Microsoft,Microsoft Model 632,Mechanical - Blue,Wireless,No Lighting,DVORAK,108,110.13,1.68
Razer,Razer Model 126,Membrane,Wired,Single Color,QWERTY,108,54.27,1.63
Lenovo,Lenovo Model 518,Membrane,Wireless,Single Color,AZERTY,87,228.44,1.58
Cooler Master,Cooler Master Model 402,Mechanical - Red,Wired,No Lighting,QWERTY,61,216.45,1.77
HP,HP Model 638,Mechanical - Red,Wired + Wireless,RGB,AZERTY,61,83.44,1.3
Lenovo,Lenovo Model 858,Scissor,Wired + Wireless,No Lighting,AZERTY,108,117.29,1.02
Asus,Asus Model 502,Mechanical - Brown,Bluetooth,RGB,AZERTY,61,71.74,0.65
Dell,Dell Model 525,Mechanical - Blue,Wired,No Lighting,AZERTY,108,158.93,0.62
Acer,Acer Model 563,Scissor,Bluetooth,No Lighting,DVORAK,108,156.73,1.13
Acer,Acer Model 518,Mechanical - Brown,Bluetooth,Single Color,DVORAK,61,162.86,1.26
Asus,Asus Model 519,Mechanical - Blue,Wired,Single Color,AZERTY,87,102.21,1.65
SteelSeries,SteelSeries Model 558,Mechanical - Brown,Bluetooth,Single Color,AZERTY,108,225.52,0.87
Logitech,Logitech Model 885,Mechanical - Brown,Bluetooth,Single Color,AZERTY,108,193.46,1.68
Acer,Acer Model 976,Mechanical - Brown,Wired + Wireless,RGB,QWERTY,104,223.12,1.38
SteelSeries,SteelSeries Model 616,Mechanical - Brown,Bluetooth,RGB,DVORAK,61,215.56,1.6
HP,HP Model 818,Mechanical - Red,Wired,RGB,QWERTY,87,204.07,0.57
HP,HP Model 289,Mechanical - Blue,Wireless,Single Color,QWERTY,108,26.77,0.57
Razer,Razer Model 790,Mechanical - Red,Wired,No Lighting,DVORAK,104,160.14,1.74
HP,HP Model 862,Mechanical - Red,Bluetooth,RGB,DVORAK,87,83.17,0.67
Dell,Dell Model 457,Membrane,Wired,No Lighting,DVORAK,104,63.43,1.0
Lenovo,Lenovo Model 432,Mechanical - Red,Wireless,RGB,AZERTY,108,119.72,1.47
Microsoft,Microsoft Model 590,Mechanical - Brown,Wired,RGB,QWERTY,61,105.25,1.7
Lenovo,Lenovo Model 979,Membrane,Bluetooth,No Lighting,AZERTY,61,74.88,1.72
Razer,Razer Model 207,Mechanical - Brown,Bluetooth,RGB,DVORAK,87,213.39,0.76
SteelSeries,SteelSeries Model 752,Membrane,Wired + Wireless,RGB,QWERTY,87,78.62,0.93
Asus,Asus Model 904,Scissor,Wireless,Single Color,QWERTY,108,191.18,1.37
SteelSeries,SteelSeries Model 507,Mechanical - Red,Bluetooth,RGB,AZERTY,61,133.96,1.18
Cooler Master,Cooler Master Model 156,Scissor,Bluetooth,No Lighting,QWERTY,108,25.45,1.55
Razer,Razer Model 649,Mechanical - Brown,Bluetooth,No Lighting,DVORAK,87,172.6,1.57
Dell,Dell Model 832,Scissor,Wired,Single Color,QWERTY,108,112.67,0.74
Corsair,Corsair Model 534,Mechanical - Brown,Wired,RGB,DVORAK,87,105.45,0.72
Razer,Razer Model 820,Membrane,Wired,No Lighting,DVORAK,87,145.89,1.72
Acer,Acer Model 508,Mechanical - Red,Wired,Single Color,AZERTY,61,124.53,0.62
HyperX,HyperX Model 812,Mechanical - Brown,Wireless,Single Color,QWERTY,87,56.55,1.18
HyperX,HyperX Model 539,Mechanical - Blue,Wired + Wireless,RGB,DVORAK,108,94.87,0.81
Lenovo,Lenovo Model 212,Mechanical - Red,Bluetooth,No Lighting,DVORAK,61,20.68,1.38
Microsoft,Microsoft Model 540,Mechanical - Blue,Wired + Wireless,No Lighting,DVORAK,61,95.82,1.42
Logitech,Logitech Model 573,Membrane,Wireless,RGB,QWERTY,87,135.24,0.95
Keychron,Keychron Model 922,Scissor,Wireless,Single Color,DVORAK,87,108.85,0.55
Corsair,Corsair Model 485,Mechanical - Brown,Wired,RGB,AZERTY,87,29.68,1.01
Microsoft,Microsoft Model 842,Mechanical - Blue,Bluetooth,Single Color,AZERTY,87,209.25,1.56
HyperX,HyperX Model 816,Mechanical - Red,Bluetooth,No Lighting,AZERTY,87,89.44,0.71
Acer,Acer Model 255,Mechanical - Blue,Wired,No Lighting,AZERTY,104,192.91,1.71
SteelSeries,SteelSeries Model 552,Mechanical - Brown,Wired,No Lighting,DVORAK,87,218.41,0.91
Dell,Dell Model 130,Scissor,Bluetooth,Single Color,AZERTY,104,198.16,0.9
Corsair,Corsair Model 724,Mechanical - Blue,Wireless,No Lighting,QWERTY,87,236.45,0.9
Keychron,Keychron Model 151,Scissor,Wired,Single Color,DVORAK,108,207.38,1.08
Corsair,Corsair Model 648,Membrane,Wired,RGB,AZERTY,108,172.38,1.26
Lenovo,Lenovo Model 190,Mechanical - Red,Wired + Wireless,RGB,AZERTY,104,29.91,0.6
SteelSeries,SteelSeries Model 543,Mechanical - Brown,Wired + Wireless,No Lighting,DVORAK,104,99.4,1.07
HP,HP Model 699,Membrane,Wireless,Single Color,DVORAK,87,199.8,0.72
Asus,Asus Model 610,Membrane,Wired + Wireless,Single Color,QWERTY,61,51.33,1.18
Cooler Master,Cooler Master Model 855,Scissor,Wireless,Single Color,QWERTY,108,81.45,1.27
SteelSeries,SteelSeries Model 271,Mechanical - Brown,Wired,No Lighting,AZERTY,104,88.01,1.34
Keychron,Keychron Model 975,Mechanical - Brown,Bluetooth,No Lighting,DVORAK,87,97.07,0.71
Lenovo,Lenovo Model 275,Mechanical - Blue,Wireless,Single Color,DVORAK,61,184.41,0.54
Logitech,Logitech Model 535,Mechanical - Red,Wireless,Single Color,AZERTY,87,193.7,0.72
Cooler Master,Cooler Master Model 366,Scissor,Bluetooth,RGB,QWERTY,87,138.69,0.75
Lenovo,Lenovo Model 946,Mechanical - Blue,Wireless,RGB,DVORAK,108,85.39,1.25
Acer,Acer Model 903,Mechanical - Brown,Wireless,Single Color,AZERTY,108,199.59,0.81
Acer,Acer Model 147,Mechanical - Red,Bluetooth,RGB,AZERTY,87,126.99,1.46
SteelSeries,SteelSeries Model 596,Scissor,Wired + Wireless,Single Color,DVORAK,87,143.44,0.58
Lenovo,Lenovo Model 867,Mechanical - Red,Wireless,RGB,DVORAK,87,198.92,1.18
Razer,Razer Model 761,Mechanical - Blue,Bluetooth,Single Color,AZERTY,87,47.74,1.59
HyperX,HyperX Model 239,Scissor,Bluetooth,RGB,QWERTY,87,57.3,1.55
Acer,Acer Model 543,Mechanical - Brown,Wired,No Lighting,DVORAK,61,124.81,0.83
Cooler Master,Cooler Master Model 590,Membrane,Bluetooth,Single Color,AZERTY,61,194.37,1.26
Lenovo,Lenovo Model 804,Mechanical - Brown,Bluetooth,Single Color,QWERTY,87,52.77,1.25
Corsair,Corsair Model 421,Scissor,Wireless,Single Color,QWERTY,61,137.4,0.87
SteelSeries,SteelSeries Model 269,Membrane,Wired + Wireless,Single Color,DVORAK,87,249.82,1.27
Acer,Acer Model 473,Mechanical - Red,Wired + Wireless,Single Color,QWERTY,61,128.18,0.93
Cooler Master,Cooler Master Model 842,Membrane,Wired + Wireless,RGB,DVORAK,61,96.19,1.19
Logitech,Logitech Model 981,Mechanical - Blue,Wired + Wireless,No Lighting,QWERTY,87,46.38,1.7
SteelSeries,SteelSeries Model 284,Scissor,Bluetooth,RGB,QWERTY,61,229.35,1.1
Microsoft,Microsoft Model 728,Membrane,Wireless,Single Color,AZERTY,61,203.83,0.61
Lenovo,Lenovo Model 647,Mechanical - Blue,Wired + Wireless,Single Color,QWERTY,87,144.42,1.11
SteelSeries,SteelSeries Model 681,Mechanical - Blue,Wireless,No Lighting,DVORAK,87,139.9,1.65
HyperX,HyperX Model 436,Scissor,Bluetooth,RGB,QWERTY,87,191.44,0.98
SteelSeries,SteelSeries Model 631,Scissor,Bluetooth,No Lighting,AZERTY,104,150.78,1.09
Keychron,Keychron Model 667,Mechanical - Red,Wireless,No Lighting,AZERTY,87,166.15,1.18
SteelSeries,SteelSeries Model 617,Mechanical - Brown,Wireless,Single Color,AZERTY,108,152.7,0.86
Logitech,Logitech Model 895,Mechanical - Brown,Wireless,RGB,QWERTY,87,216.73,1.79
Cooler Master,Cooler Master Model 209,Scissor,Bluetooth,RGB,DVORAK,87,222.59,0.8
Acer,Acer Model 191,Mechanical - Blue,Wired,Single Color,AZERTY,61,228.8,1.33
Acer,Acer Model 128,Membrane,Wireless,No Lighting,QWERTY,61,128.33,1.13
Asus,Asus Model 910,Membrane,Wired,Single Color,QWERTY,108,110.05,1.41
Microsoft,Microsoft Model 268,Mechanical - Blue,Bluetooth,Single Color,AZERTY,104,214.12,1.3
Microsoft,Microsoft Model 114,Membrane,Bluetooth,No Lighting,AZERTY,108,34.91,1.69
Cooler Master,Cooler Master Model 272,Mechanical - Red,Wireless,Single Color,QWERTY,61,83.33,1.55
Redragon,Redragon Model 194,Mechanical - Red,Wireless,Single Color,AZERTY,61,114.82,0.92
Razer,Razer Model 882,Mechanical - Red,Bluetooth,Single Color,DVORAK,87,158.42,0.85
Redragon,Redragon Model 959,Mechanical - Brown,Wired + Wireless,Single Color,QWERTY,104,161.32,1.5
Keychron,Keychron Model 725,Scissor,Wireless,RGB,AZERTY,104,155.46,1.23
SteelSeries,SteelSeries Model 539,Mechanical - Red,Bluetooth,RGB,AZERTY,61,115.42,1.66
Razer,Razer Model 835,Scissor,Wired,Single Color,AZERTY,108,35.44,1.64
SteelSeries,SteelSeries Model 251,Mechanical - Brown,Wired + Wireless,RGB,QWERTY,104,140.83,1.73
HP,HP Model 418,Mechanical - Brown,Wired,RGB,DVORAK,61,222.32,1.28
Keychron,Keychron Model 104,Mechanical - Blue,Wired + Wireless,RGB,DVORAK,61,40.96,1.11
SteelSeries,SteelSeries Model 861,Membrane,Bluetooth,RGB,QWERTY,108,249.62,1.68
Asus,Asus Model 529,Membrane,Wireless,No Lighting,DVORAK,87,132.85,1.18
HP,HP Model 932,Membrane,Wireless,RGB,AZERTY,87,209.14,0.6
Cooler Master,Cooler Master Model 243,Mechanical - Blue,Wired,Single Color,QWERTY,61,154.27,1.29
Redragon,Redragon Model 361,Scissor,Wired + Wireless,Single Color,QWERTY,108,98.5,1.23
