Brand,Model,Screen Type,Battery Life (days),Features,OS Compatibility,Price (USD)
Apple,Apple Watch 1,LCD,7,"Heart Rate, GPS",iOS,303.81
Xiaomi,Xiaomi Watch 1,OLED,5,"Sleep Tracking, ECG",Both,339.96
Xiaomi,Xiaomi Watch 1,AMOLED,5,"ECG, Heart Rate",iOS,254.57
Garmin,Garmin Watch 2,AMOLED,1,"Heart Rate, ECG",Both,444.69
Xiaomi,Xiaomi Watch 9,AMOLED,5,"GPS, Heart Rate",Both,190.63
Samsung,Samsung Watch 4,LCD,5,"Heart Rate, ECG",Android,260.79
Apple,Apple Watch 9,AMOLED,14,"GPS, Sleep Tracking",Android,372.12
Garmin,Garmin Watch 2,LCD,5,"Heart Rate, GPS",Android,454.64
Garmin,Garmin Watch 9,OLED,2,"Heart Rate, Sleep Tracking",Both,481.32
Huawei,Huawei Watch 6,AMOLED,7,"ECG, Heart Rate",Android,254.97
Huawei,Huawei Watch 6,AMOLED,14,"Sleep Tracking, Heart Rate",Android,460.28
Huawei,Huawei Watch 6,LCD,7,"ECG, GPS",iOS,126.21
Huawei,Huawei Watch 9,LCD,1,"ECG, Sleep Tracking",Android,109.42
Huawei,Huawei Watch 1,OLED,2,"Heart Rate, ECG",Android,299.12
Garmin,Garmin Watch 9,AMOLED,5,"GPS, ECG",Android,300.65
Garmin,Garmin Watch 8,AMOLED,7,"ECG, GPS",iOS,242.72
Xiaomi,Xiaomi Watch 2,OLED,1,"Sleep Tracking, GPS",iOS,439.84
Xiaomi,Xiaomi Watch 6,AMOLED,1,"GPS, ECG",Both,498.47
Xiaomi,Xiaomi Watch 2,OLED,14,"Sleep Tracking, Heart Rate",iOS,445.56
Garmin,Garmin Watch 4,AMOLED,5,"Sleep Tracking, ECG",iOS,440.77
Huawei,Huawei Watch 3,AMOLED,14,"ECG, GPS",Both,443.29
Apple,Apple Watch 2,LCD,5,"ECG, Heart Rate",Android,96.0
Apple,Apple Watch 5,AMOLED,2,"Sleep Tracking, Heart Rate",iOS,343.61
Apple,Apple Watch 9,AMOLED,2,"ECG, GPS",iOS,420.18
Huawei,Huawei Watch 5,AMOLED,1,"ECG, Heart Rate",iOS,116.66
Apple,Apple Watch 7,OLED,1,"Sleep Tracking, Heart Rate",iOS,189.76
Huawei,Huawei Watch 5,AMOLED,2,"ECG, Sleep Tracking",Both,293.52
Samsung,Samsung Watch 7,AMOLED,14,"Heart Rate, Sleep Tracking",iOS,198.33
Samsung,Samsung Watch 1,OLED,5,"GPS, Sleep Tracking",iOS,469.31
Xiaomi,Xiaomi Watch 4,AMOLED,5,"Heart Rate, GPS",iOS,212.14
Apple,Apple Watch 8,OLED,2,"ECG, Sleep Tracking",Android,180.0
Samsung,Samsung Watch 2,AMOLED,7,"GPS, Sleep Tracking",Both,117.67
Apple,Apple Watch 8,AMOLED,2,"Heart Rate, ECG",Android,178.45
Samsung,Samsung Watch 5,OLED,7,"GPS, ECG",Android,365.95
Garmin,Garmin Watch 7,AMOLED,2,"Sleep Tracking, GPS",iOS,364.32
Huawei,Huawei Watch 8,LCD,5,"Sleep Tracking, Heart Rate",Both,238.22
Samsung,Samsung Watch 5,LCD,14,"ECG, Sleep Tracking",Android,135.04
Xiaomi,Xiaomi Watch 5,LCD,5,"GPS, ECG",iOS,469.43
Samsung,Samsung Watch 8,AMOLED,1,"ECG, Heart Rate",Both,168.21
Apple,Apple Watch 4,OLED,2,"Heart Rate, Sleep Tracking",Both,410.1
Huawei,Huawei Watch 6,OLED,1,"Sleep Tracking, ECG",iOS,493.16
Huawei,Huawei Watch 1,OLED,5,"GPS, Heart Rate",iOS,448.86
Samsung,Samsung Watch 5,LCD,14,"Sleep Tracking, ECG",Android,325.84
Samsung,Samsung Watch 8,OLED,5,"Sleep Tracking, GPS",Android,257.47
Huawei,Huawei Watch 3,AMOLED,1,"Sleep Tracking, ECG",Both,206.7
Huawei,Huawei Watch 1,OLED,1,"Sleep Tracking, GPS",iOS,448.65
Garmin,Garmin Watch 4,AMOLED,7,"Heart Rate, GPS",Android,188.25
Apple,Apple Watch 3,LCD,2,"GPS, Sleep Tracking",iOS,167.54
Huawei,Huawei Watch 1,AMOLED,14,"ECG, GPS",iOS,88.14
Huawei,Huawei Watch 1,OLED,2,"ECG, GPS",iOS,135.52
Xiaomi,Xiaomi Watch 2,LCD,7,"ECG, GPS",iOS,300.22
Xiaomi,Xiaomi Watch 2,LCD,1,"ECG, Sleep Tracking",iOS,184.41
Samsung,Samsung Watch 6,AMOLED,14,"ECG, GPS",iOS,476.38
Huawei,Huawei Watch 4,LCD,14,"Sleep Tracking, GPS",Both,182.5
Garmin,Garmin Watch 4,OLED,1,"ECG, Sleep Tracking",iOS,483.62
Samsung,Samsung Watch 8,LCD,2,"Heart Rate, ECG",Android,105.16
Garmin,Garmin Watch 3,AMOLED,1,"GPS, ECG",Android,220.7
Xiaomi,Xiaomi Watch 8,OLED,7,"GPS, Sleep Tracking",iOS,309.93
Samsung,Samsung Watch 8,AMOLED,2,"GPS, Sleep Tracking",iOS,338.96
Xiaomi,Xiaomi Watch 6,AMOLED,7,"ECG, Heart Rate",Both,412.68
Huawei,Huawei Watch 2,AMOLED,1,"Heart Rate, GPS",Both,283.25
Xiaomi,Xiaomi Watch 6,AMOLED,2,"GPS, Sleep Tracking",iOS,180.68
Garmin,Garmin Watch 3,LCD,14,"Heart Rate, ECG",Both,417.38
Garmin,Garmin Watch 3,OLED,1,"Sleep Tracking, GPS",Both,214.06
Samsung,Samsung Watch 1,OLED,5,"Heart Rate, Sleep Tracking",Both,233.43
Huawei,Huawei Watch 8,OLED,14,"Heart Rate, ECG",iOS,113.01
Apple,Apple Watch 3,OLED,14,"Heart Rate, GPS",iOS,89.71
Garmin,Garmin Watch 6,LCD,2,"Sleep Tracking, Heart Rate",Android,415.85
Huawei,Huawei Watch 4,OLED,2,"ECG, GPS",Both,358.96
Xiaomi,Xiaomi Watch 1,LCD,7,"GPS, Heart Rate",Both,315.6
Garmin,Garmin Watch 6,LCD,1,"Heart Rate, GPS",Both,377.78
Xiaomi,Xiaomi Watch 2,OLED,14,"Sleep Tracking, Heart Rate",Both,162.07
Huawei,Huawei Watch 8,LCD,2,"Heart Rate, Sleep Tracking",iOS,444.34
Xiaomi,Xiaomi Watch 9,AMOLED,7,"Heart Rate, ECG",Android,232.1
Samsung,Samsung Watch 5,OLED,14,"GPS, Heart Rate",iOS,189.71
Apple,Apple Watch 5,AMOLED,5,"GPS, ECG",Android,459.49
Garmin,Garmin Watch 4,AMOLED,7,"Sleep Tracking, Heart Rate",iOS,128.1
Apple,Apple Watch 9,AMOLED,2,"GPS, Sleep Tracking",Android,169.79
Apple,Apple Watch 2,OLED,7,"Sleep Tracking, GPS",Android,208.95
Huawei,Huawei Watch 7,AMOLED,1,"ECG, Heart Rate",Android,492.96
Apple,Apple Watch 7,AMOLED,2,"ECG, Sleep Tracking",iOS,182.15
Samsung,Samsung Watch 1,AMOLED,1,"GPS, Sleep Tracking",iOS,167.02
Apple,Apple Watch 8,LCD,5,"Sleep Tracking, ECG",iOS,226.66
Xiaomi,Xiaomi Watch 6,AMOLED,14,"GPS, Sleep Tracking",Android,286.55
Samsung,Samsung Watch 1,LCD,2,"Heart Rate, Sleep Tracking",iOS,214.87
Xiaomi,Xiaomi Watch 9,AMOLED,2,"ECG, Sleep Tracking",iOS,374.36
Garmin,Garmin Watch 2,AMOLED,1,"Sleep Tracking, ECG",Both,265.52
Garmin,Garmin Watch 9,OLED,5,"GPS, Sleep Tracking",iOS,364.88
Garmin,Garmin Watch 9,AMOLED,5,"ECG, Sleep Tracking",Android,166.81
Samsung,Samsung Watch 3,LCD,14,"ECG, Sleep Tracking",Both,334.33
Garmin,Garmin Watch 2,OLED,7,"Sleep Tracking, GPS",iOS,130.6
Huawei,Huawei Watch 5,AMOLED,7,"Sleep Tracking, GPS",Android,229.81
Huawei,Huawei Watch 8,AMOLED,1,"Sleep Tracking, Heart Rate",Both,116.81
Samsung,Samsung Watch 1,OLED,7,"GPS, Heart Rate",iOS,491.92
Apple,Apple Watch 2,OLED,1,"Heart Rate, ECG",Both,300.79
Samsung,Samsung Watch 1,OLED,1,"Heart Rate, Sleep Tracking",Android,487.68
Xiaomi,Xiaomi Watch 3,AMOLED,2,"GPS, Sleep Tracking",iOS,323.55
Samsung,Samsung Watch 4,AMOLED,2,"GPS, Heart Rate",Both,403.73
Apple,Apple Watch 1,LCD,5,"GPS, Heart Rate",iOS,460.42
Apple,Apple Watch 1,LCD,2,"GPS, Heart Rate",Android,368.81
Samsung,Samsung Watch 7,LCD,14,"Sleep Tracking, GPS",Android,97.27
Xiaomi,Xiaomi Watch 2,OLED,5,"ECG, Sleep Tracking",Android,284.37
Garmin,Garmin Watch 7,AMOLED,2,"Sleep Tracking, ECG",Both,290.04
Apple,Apple Watch 5,OLED,7,"GPS, Sleep Tracking",iOS,384.14
Huawei,Huawei Watch 9,OLED,1,"GPS, ECG",Both,288.93
Xiaomi,Xiaomi Watch 9,AMOLED,14,"Heart Rate, ECG",Both,210.27
Xiaomi,Xiaomi Watch 6,OLED,7,"Sleep Tracking, Heart Rate",Both,324.65
Samsung,Samsung Watch 9,OLED,1,"GPS, Sleep Tracking",Both,397.98
Huawei,Huawei Watch 5,AMOLED,7,"GPS, Heart Rate",iOS,433.14
Xiaomi,Xiaomi Watch 9,AMOLED,7,"ECG, Sleep Tracking",Both,180.92
Samsung,Samsung Watch 4,OLED,1,"GPS, Sleep Tracking",Both,232.6
Garmin,Garmin Watch 3,LCD,1,"Sleep Tracking, Heart Rate",iOS,269.77
Xiaomi,Xiaomi Watch 5,OLED,14,"Heart Rate, GPS",Android,215.36
Apple,Apple Watch 6,LCD,2,"Sleep Tracking, Heart Rate",Android,157.16
Apple,Apple Watch 9,OLED,1,"Heart Rate, Sleep Tracking",Both,84.5
Samsung,Samsung Watch 2,LCD,2,"Sleep Tracking, ECG",Android,356.27
Garmin,Garmin Watch 5,LCD,7,"Sleep Tracking, GPS",Both,234.34
Apple,Apple Watch 7,AMOLED,7,"Heart Rate, GPS",iOS,92.4
Xiaomi,Xiaomi Watch 7,LCD,7,"Heart Rate, GPS",Both,99.25
Garmin,Garmin Watch 7,LCD,2,"Sleep Tracking, GPS",iOS,282.35
Xiaomi,Xiaomi Watch 2,OLED,2,"Heart Rate, GPS",Both,456.91
Apple,Apple Watch 5,AMOLED,1,"Heart Rate, ECG",Both,299.42
Xiaomi,Xiaomi Watch 5,AMOLED,5,"Heart Rate, GPS",Android,279.94
Samsung,Samsung Watch 1,LCD,14,"Sleep Tracking, ECG",iOS,101.7
Samsung,Samsung Watch 3,OLED,7,"Sleep Tracking, Heart Rate",iOS,108.0
Garmin,Garmin Watch 1,AMOLED,14,"Sleep Tracking, Heart Rate",iOS,274.54
Garmin,Garmin Watch 7,OLED,7,"Sleep Tracking, GPS",Android,177.47
Apple,Apple Watch 5,OLED,14,"Sleep Tracking, GPS",Android,327.43
Xiaomi,Xiaomi Watch 1,LCD,2,"GPS, ECG",Both,221.18
Samsung,Samsung Watch 2,LCD,7,"GPS, ECG",Both,440.01
Samsung,Samsung Watch 4,OLED,2,"GPS, ECG",Both,277.57
Samsung,Samsung Watch 1,LCD,5,"GPS, ECG",iOS,125.71
Xiaomi,Xiaomi Watch 2,AMOLED,14,"Heart Rate, Sleep Tracking",iOS,95.81
Xiaomi,Xiaomi Watch 9,AMOLED,7,"GPS, Sleep Tracking",Android,199.78
Huawei,Huawei Watch 4,AMOLED,5,"ECG, GPS",iOS,366.36
Huawei,Huawei Watch 1,LCD,2,"Heart Rate, GPS",Android,399.79
Xiaomi,Xiaomi Watch 4,LCD,5,"ECG, GPS",iOS,207.42
Samsung,Samsung Watch 5,LCD,2,"Heart Rate, Sleep Tracking",Both,222.28
Xiaomi,Xiaomi Watch 2,LCD,5,"Heart Rate, Sleep Tracking",Both,218.66
Samsung,Samsung Watch 6,LCD,7,"ECG, Heart Rate",Android,373.72
Apple,Apple Watch 3,OLED,5,"Heart Rate, Sleep Tracking",Both,476.25
Samsung,Samsung Watch 8,OLED,1,"Heart Rate, GPS",Both,239.62
Xiaomi,Xiaomi Watch 9,AMOLED,7,"ECG, Sleep Tracking",iOS,341.85
Samsung,Samsung Watch 2,OLED,5,"GPS, ECG",Both,435.73
Huawei,Huawei Watch 3,OLED,14,"ECG, Sleep Tracking",Both,267.48
Huawei,Huawei Watch 1,AMOLED,1,"GPS, Sleep Tracking",Android,81.21
Apple,Apple Watch 8,OLED,14,"ECG, Heart Rate",Android,376.03
Apple,Apple Watch 2,LCD,7,"Sleep Tracking, GPS",iOS,451.42
Garmin,Garmin Watch 4,AMOLED,7,"Heart Rate, ECG",iOS,121.47
Apple,Apple Watch 3,OLED,14,"ECG, GPS",Android,425.72
Xiaomi,Xiaomi Watch 6,AMOLED,7,"GPS, ECG",Both,174.54
Xiaomi,Xiaomi Watch 7,AMOLED,5,"GPS, Sleep Tracking",Android,178.58
Garmin,Garmin Watch 9,LCD,7,"Heart Rate, Sleep Tracking",Both,499.42
Xiaomi,Xiaomi Watch 6,OLED,5,"ECG, GPS",Android,146.07
Xiaomi,Xiaomi Watch 9,OLED,1,"Sleep Tracking, Heart Rate",iOS,291.85
Apple,Apple Watch 3,OLED,2,"Heart Rate, ECG",Both,419.33
Apple,Apple Watch 8,OLED,14,"ECG, Sleep Tracking",Both,354.57
Apple,Apple Watch 7,LCD,2,"Sleep Tracking, GPS",iOS,338.06
Garmin,Garmin Watch 5,AMOLED,7,"Sleep Tracking, Heart Rate",iOS,269.0
Garmin,Garmin Watch 6,OLED,1,"ECG, Heart Rate",iOS,431.3
Garmin,Garmin Watch 6,OLED,1,"Heart Rate, Sleep Tracking",iOS,428.01
Samsung,Samsung Watch 2,OLED,2,"Sleep Tracking, Heart Rate",Both,418.77
Garmin,Garmin Watch 5,OLED,1,"Heart Rate, Sleep Tracking",Android,279.23
Apple,Apple Watch 5,AMOLED,1,"GPS, Sleep Tracking",iOS,439.56
Apple,Apple Watch 7,AMOLED,7,"ECG, Sleep Tracking",Android,482.31
Apple,Apple Watch 2,OLED,14,"GPS, Heart Rate",Android,123.26
Huawei,Huawei Watch 6,OLED,2,"Sleep Tracking, Heart Rate",Android,413.29
Huawei,Huawei Watch 9,OLED,7,"Heart Rate, Sleep Tracking",Android,438.81
Xiaomi,Xiaomi Watch 5,OLED,2,"Heart Rate, ECG",iOS,164.09
Samsung,Samsung Watch 3,LCD,2,"Heart Rate, GPS",Both,299.77
Xiaomi,Xiaomi Watch 1,LCD,14,"Sleep Tracking, ECG",Both,100.7
Huawei,Huawei Watch 2,LCD,14,"Heart Rate, Sleep Tracking",iOS,274.59
Garmin,Garmin Watch 4,AMOLED,5,"Sleep Tracking, ECG",Both,88.42
Apple,Apple Watch 9,LCD,5,"GPS, Heart Rate",Android,416.42
Huawei,Huawei Watch 1,LCD,2,"Heart Rate, ECG",Android,456.49
Huawei,Huawei Watch 2,OLED,7,"GPS, ECG",Android,126.46
Samsung,Samsung Watch 6,OLED,5,"GPS, ECG",Android,485.47
Xiaomi,Xiaomi Watch 2,OLED,14,"GPS, ECG",Both,425.78
Garmin,Garmin Watch 5,AMOLED,2,"Heart Rate, GPS",Both,420.3
Samsung,Samsung Watch 1,LCD,2,"Heart Rate, GPS",Both,363.71
Garmin,Garmin Watch 8,OLED,14,"ECG, Sleep Tracking",Both,244.23
Garmin,Garmin Watch 6,OLED,2,"Sleep Tracking, GPS",iOS,86.8
Apple,Apple Watch 1,LCD,1,"GPS, Sleep Tracking",iOS,178.72
Huawei,Huawei Watch 6,LCD,1,"Sleep Tracking, GPS",Android,331.25
Xiaomi,Xiaomi Watch 7,OLED,2,"ECG, GPS",Both,490.28
Samsung,Samsung Watch 2,OLED,7,"ECG, GPS",Both,393.15
Garmin,Garmin Watch 6,LCD,7,"ECG, GPS",Android,210.14
Xiaomi,Xiaomi Watch 1,LCD,14,"Sleep Tracking, ECG",Both,242.46
Samsung,Samsung Watch 9,LCD,5,"Sleep Tracking, GPS",Both,183.68
Samsung,Samsung Watch 4,OLED,1,"GPS, ECG",iOS,159.39
Garmin,Garmin Watch 2,OLED,1,"Heart Rate, GPS",Android,180.91
Xiaomi,Xiaomi Watch 1,OLED,7,"Sleep Tracking, Heart Rate",iOS,408.23
Samsung,Samsung Watch 5,OLED,7,"GPS, Heart Rate",Android,101.98
Xiaomi,Xiaomi Watch 9,LCD,14,"ECG, Sleep Tracking",Android,120.85
Xiaomi,Xiaomi Watch 2,OLED,5,"GPS, Sleep Tracking",Both,151.12
Xiaomi,Xiaomi Watch 4,AMOLED,14,"Heart Rate, GPS",iOS,256.08
Huawei,Huawei Watch 9,LCD,1,"GPS, Sleep Tracking",iOS,443.35
Huawei,Huawei Watch 2,OLED,5,"Heart Rate, GPS",Both,120.32
Garmin,Garmin Watch 5,AMOLED,14,"Sleep Tracking, Heart Rate",Both,498.78
Samsung,Samsung Watch 9,LCD,5,"Sleep Tracking, ECG",iOS,487.75
