Brand,Model,Resolution,FPS,Built-in Microphone,Field of View (Â°),Connection,Price (USD)
Logitech,Logitech Webcam 864,1080p,30,Yes,78,USB,132.57
Microsoft,Microsoft Webcam 777,4K,30,No,90,USB,220.75
Logitech,Logitech Webcam 813,720p,30,No,78,USB,61.31
Microsoft,Microsoft Webcam 111,1080p,60,No,78,USB,152.19
Creative,Creative Webcam 197,720p,30,No,90,USB,128.97
Razer,Razer Webcam 247,720p,60,No,120,USB,153.51
AverMedia,AverMedia Webcam 878,720p,60,No,120,USB,184.41
Razer,Razer Webcam 822,4K,60,No,90,USB,150.43
Creative,Creative Webcam 519,4K,30,No,78,USB,85.89
Microsoft,Microsoft Webcam 357,1080p,30,No,90,USB,165.1
Logitech,Logitech Webcam 829,4K,60,Yes,120,USB,63.87
Creative,Creative Webcam 321,1080p,30,No,90,USB,79.33
Razer,Razer Webcam 101,720p,30,No,120,USB,118.61
Razer,Razer Webcam 876,4K,60,Yes,120,USB,207.1
Razer,Razer Webcam 927,720p,30,Yes,78,USB,156.57
Razer,Razer Webcam 750,1080p,60,Yes,78,USB,84.3
Creative,Creative Webcam 242,1080p,60,No,120,USB,173.18
Razer,Razer Webcam 294,1080p,60,Yes,120,USB,200.45
AverMedia,AverMedia Webcam 848,720p,30,Yes,78,USB,173.26
Creative,Creative Webcam 742,1080p,60,Yes,78,USB,110.13
Razer,Razer Webcam 190,1080p,30,No,120,USB,63.36
Microsoft,Microsoft Webcam 944,4K,30,No,90,USB,196.69
AverMedia,AverMedia Webcam 303,4K,60,No,78,USB,235.41
Creative,Creative Webcam 242,4K,60,No,120,USB,70.6
Microsoft,Microsoft Webcam 143,1080p,60,No,90,USB,121.6
Razer,Razer Webcam 757,720p,60,Yes,120,USB,54.67
Creative,Creative Webcam 894,1080p,60,Yes,78,USB,86.52
Microsoft,Microsoft Webcam 839,1080p,30,No,120,USB,76.08
Logitech,Logitech Webcam 645,1080p,30,No,78,USB,244.41
Logitech,Logitech Webcam 627,4K,30,No,78,USB,201.25
Microsoft,Microsoft Webcam 647,4K,60,Yes,78,USB,108.7
Microsoft,Microsoft Webcam 113,4K,30,Yes,90,USB,109.27
Creative,Creative Webcam 867,720p,30,Yes,120,USB,163.3
Logitech,Logitech Webcam 652,1080p,30,No,78,USB,245.19
AverMedia,AverMedia Webcam 472,1080p,30,No,78,USB,156.69
Razer,Razer Webcam 201,4K,30,Yes,90,USB,49.04
Razer,Razer Webcam 206,4K,30,Yes,78,USB,184.92
Creative,Creative Webcam 812,1080p,30,Yes,90,USB,213.19
AverMedia,AverMedia Webcam 977,720p,60,Yes,90,USB,120.29
Microsoft,Microsoft Webcam 201,4K,60,No,90,USB,172.74
Microsoft,Microsoft Webcam 443,720p,30,No,90,USB,174.67
Razer,Razer Webcam 584,1080p,60,Yes,90,USB,134.61
AverMedia,AverMedia Webcam 163,1080p,30,No,120,USB,128.08
Creative,Creative Webcam 987,4K,30,Yes,90,USB,65.67
Logitech,Logitech Webcam 335,1080p,30,No,78,USB,86.98
Logitech,Logitech Webcam 237,1080p,60,No,78,USB,220.0
Razer,Razer Webcam 362,720p,30,No,78,USB,126.76
Razer,Razer Webcam 130,1080p,60,No,78,USB,107.45
Creative,Creative Webcam 636,4K,60,No,90,USB,208.02
Razer,Razer Webcam 467,4K,60,Yes,120,USB,194.05
Creative,Creative Webcam 935,1080p,30,Yes,90,USB,112.25
Creative,Creative Webcam 145,720p,60,No,78,USB,137.31
Logitech,Logitech Webcam 617,1080p,30,No,78,USB,187.68
Microsoft,Microsoft Webcam 786,4K,30,Yes,90,USB,73.32
AverMedia,AverMedia Webcam 792,720p,30,Yes,120,USB,67.94
Razer,Razer Webcam 106,4K,60,No,78,USB,148.21
AverMedia,AverMedia Webcam 656,1080p,60,No,78,USB,201.83
Logitech,Logitech Webcam 718,1080p,60,Yes,90,USB,185.18
Logitech,Logitech Webcam 665,4K,60,No,90,USB,220.17
AverMedia,AverMedia Webcam 263,720p,30,No,90,USB,125.05
Microsoft,Microsoft Webcam 839,720p,60,No,120,USB,125.9
Microsoft,Microsoft Webcam 253,1080p,60,Yes,120,USB,46.22
AverMedia,AverMedia Webcam 812,4K,30,Yes,120,USB,249.02
AverMedia,AverMedia Webcam 747,1080p,60,No,90,USB,143.14
AverMedia,AverMedia Webcam 529,1080p,30,Yes,120,USB,118.7
Microsoft,Microsoft Webcam 655,720p,60,Yes,90,USB,38.45
Microsoft,Microsoft Webcam 902,4K,60,No,90,USB,224.86
AverMedia,AverMedia Webcam 805,720p,30,No,90,USB,210.07
Creative,Creative Webcam 898,4K,60,No,78,USB,241.25
Microsoft,Microsoft Webcam 778,1080p,60,No,90,USB,63.75
Microsoft,Microsoft Webcam 237,4K,60,Yes,90,USB,68.96
Microsoft,Microsoft Webcam 317,4K,60,Yes,120,USB,162.86
Creative,Creative Webcam 768,1080p,30,No,78,USB,161.76
Microsoft,Microsoft Webcam 259,4K,60,No,120,USB,79.56
AverMedia,AverMedia Webcam 708,720p,30,No,78,USB,183.29
Razer,Razer Webcam 100,4K,60,Yes,78,USB,88.19
Razer,Razer Webcam 750,4K,60,Yes,78,USB,214.9
Logitech,Logitech Webcam 277,1080p,30,No,120,USB,183.02
AverMedia,AverMedia Webcam 224,4K,30,Yes,120,USB,213.0
AverMedia,AverMedia Webcam 941,720p,60,No,120,USB,90.22
Razer,Razer Webcam 297,1080p,30,No,78,USB,78.64
AverMedia,AverMedia Webcam 890,4K,30,Yes,120,USB,154.73
Razer,Razer Webcam 745,1080p,60,Yes,90,USB,137.97
Creative,Creative Webcam 380,720p,30,No,120,USB,164.95
AverMedia,AverMedia Webcam 323,720p,60,No,90,USB,105.57
Microsoft,Microsoft Webcam 692,4K,30,Yes,78,USB,98.97
AverMedia,AverMedia Webcam 686,720p,60,No,78,USB,81.6
AverMedia,AverMedia Webcam 490,1080p,30,No,120,USB,35.57
Logitech,Logitech Webcam 124,4K,60,No,78,USB,148.8
Logitech,Logitech Webcam 762,720p,60,No,120,USB,88.98
AverMedia,AverMedia Webcam 223,1080p,30,No,78,USB,77.4
Creative,Creative Webcam 603,720p,60,No,78,USB,147.28
Razer,Razer Webcam 430,4K,30,No,78,USB,153.2
Logitech,Logitech Webcam 530,720p,30,No,90,USB,133.9
AverMedia,AverMedia Webcam 248,4K,60,No,90,USB,189.2
Microsoft,Microsoft Webcam 663,720p,30,Yes,90,USB,92.25
Creative,Creative Webcam 489,1080p,60,Yes,120,USB,116.75
Microsoft,Microsoft Webcam 731,1080p,60,No,78,USB,120.48
Logitech,Logitech Webcam 374,4K,30,No,120,USB,171.55
Razer,Razer Webcam 636,4K,30,Yes,120,USB,46.63
Razer,Razer Webcam 188,720p,30,No,78,USB,179.45
Logitech,Logitech Webcam 146,1080p,30,Yes,120,USB,128.61
Creative,Creative Webcam 832,4K,30,No,90,USB,69.09
AverMedia,AverMedia Webcam 792,1080p,30,Yes,120,USB,186.32
Logitech,Logitech Webcam 772,1080p,60,Yes,78,USB,207.56
Microsoft,Microsoft Webcam 712,1080p,60,No,78,USB,227.62
Microsoft,Microsoft Webcam 725,720p,30,Yes,78,USB,148.13
Creative,Creative Webcam 921,1080p,30,No,78,USB,59.24
Microsoft,Microsoft Webcam 359,4K,60,No,90,USB,204.98
Microsoft,Microsoft Webcam 412,720p,60,Yes,78,USB,108.63
Microsoft,Microsoft Webcam 615,720p,60,Yes,120,USB,57.33
Logitech,Logitech Webcam 748,4K,60,No,78,USB,74.04
AverMedia,AverMedia Webcam 976,720p,60,No,78,USB,78.62
Logitech,Logitech Webcam 970,1080p,60,No,120,USB,32.19
Creative,Creative Webcam 700,1080p,60,Yes,120,USB,34.62
Razer,Razer Webcam 238,720p,60,Yes,90,USB,90.88
AverMedia,AverMedia Webcam 794,720p,60,Yes,90,USB,68.18
Logitech,Logitech Webcam 464,720p,60,No,120,USB,121.53
Razer,Razer Webcam 908,720p,30,Yes,78,USB,36.31
Creative,Creative Webcam 177,1080p,60,Yes,90,USB,189.66
Creative,Creative Webcam 497,4K,60,Yes,78,USB,76.81
AverMedia,AverMedia Webcam 531,4K,60,Yes,78,USB,215.85
Razer,Razer Webcam 478,1080p,60,Yes,120,USB,98.31
Microsoft,Microsoft Webcam 249,1080p,60,Yes,120,USB,247.84
Microsoft,Microsoft Webcam 896,1080p,30,Yes,78,USB,139.99
Razer,Razer Webcam 678,4K,60,No,90,USB,139.85
Microsoft,Microsoft Webcam 878,720p,30,No,78,USB,83.09
Microsoft,Microsoft Webcam 511,4K,30,Yes,90,USB,99.28
Razer,Razer Webcam 393,720p,60,Yes,90,USB,195.48
Razer,Razer Webcam 770,720p,30,Yes,120,USB,228.24
Logitech,Logitech Webcam 840,1080p,30,No,90,USB,243.3
Razer,Razer Webcam 456,720p,30,No,120,USB,217.5
Razer,Razer Webcam 559,4K,30,No,78,USB,76.08
Creative,Creative Webcam 247,4K,30,Yes,78,USB,155.96
Logitech,Logitech Webcam 671,1080p,30,No,120,USB,147.7
Razer,Razer Webcam 317,4K,60,Yes,90,USB,38.72
Logitech,Logitech Webcam 735,720p,30,No,90,USB,140.46
Creative,Creative Webcam 711,720p,60,No,120,USB,143.62
Razer,Razer Webcam 923,720p,60,Yes,120,USB,60.9
Razer,Razer Webcam 421,4K,60,No,120,USB,93.83
Creative,Creative Webcam 676,1080p,60,Yes,78,USB,186.81
Creative,Creative Webcam 680,4K,60,No,90,USB,86.45
Creative,Creative Webcam 284,1080p,30,No,90,USB,124.57
Microsoft,Microsoft Webcam 802,720p,30,Yes,78,USB,78.71
Microsoft,Microsoft Webcam 168,720p,30,Yes,78,USB,57.5
AverMedia,AverMedia Webcam 462,1080p,30,Yes,78,USB,196.66
Microsoft,Microsoft Webcam 397,4K,60,Yes,120,USB,78.77
Logitech,Logitech Webcam 294,4K,30,Yes,78,USB,226.97
Microsoft,Microsoft Webcam 887,720p,60,No,90,USB,203.01
Razer,Razer Webcam 626,720p,60,Yes,78,USB,179.64
Logitech,Logitech Webcam 460,720p,30,No,78,USB,111.97
AverMedia,AverMedia Webcam 690,1080p,30,Yes,78,USB,183.41
AverMedia,AverMedia Webcam 162,720p,60,No,78,USB,42.67
Creative,Creative Webcam 216,720p,60,No,120,USB,146.0
Microsoft,Microsoft Webcam 762,4K,60,Yes,78,USB,172.25
AverMedia,AverMedia Webcam 570,1080p,60,No,78,USB,182.18
Creative,Creative Webcam 326,720p,60,Yes,120,USB,47.03
AverMedia,AverMedia Webcam 129,1080p,60,No,120,USB,145.78
Razer,Razer Webcam 563,4K,30,No,78,USB,82.68
Creative,Creative Webcam 936,1080p,30,Yes,120,USB,49.08
Creative,Creative Webcam 167,4K,60,No,90,USB,80.45
Razer,Razer Webcam 861,1080p,60,No,78,USB,59.81
Logitech,Logitech Webcam 809,4K,30,Yes,78,USB,226.17
AverMedia,AverMedia Webcam 623,720p,30,No,78,USB,115.73
Logitech,Logitech Webcam 604,720p,30,No,78,USB,182.22
AverMedia,AverMedia Webcam 508,1080p,30,No,90,USB,116.08
AverMedia,AverMedia Webcam 174,4K,60,Yes,78,USB,164.6
Razer,Razer Webcam 978,720p,30,No,120,USB,186.59
AverMedia,AverMedia Webcam 128,4K,30,Yes,78,USB,44.92
Razer,Razer Webcam 666,4K,60,No,120,USB,182.22
AverMedia,AverMedia Webcam 800,1080p,30,Yes,90,USB,227.49
Microsoft,Microsoft Webcam 835,720p,60,No,120,USB,221.59
Logitech,Logitech Webcam 762,720p,60,No,120,USB,48.46
Logitech,Logitech Webcam 143,1080p,60,Yes,90,USB,247.91
Creative,Creative Webcam 199,1080p,30,No,90,USB,68.01
Logitech,Logitech Webcam 658,4K,60,Yes,78,USB,59.51
AverMedia,AverMedia Webcam 953,4K,30,No,78,USB,236.24
Microsoft,Microsoft Webcam 493,1080p,30,Yes,120,USB,222.45
Creative,Creative Webcam 141,4K,60,Yes,120,USB,47.97
Razer,Razer Webcam 690,1080p,30,No,90,USB,100.67
AverMedia,AverMedia Webcam 921,1080p,60,No,90,USB,193.16
Razer,Razer Webcam 221,1080p,60,No,78,USB,138.12
AverMedia,AverMedia Webcam 718,720p,60,No,78,USB,239.12
AverMedia,AverMedia Webcam 424,720p,60,No,90,USB,74.93
Razer,Razer Webcam 995,4K,60,Yes,120,USB,169.52
Creative,Creative Webcam 440,4K,60,No,90,USB,139.76
Creative,Creative Webcam 762,720p,60,No,90,USB,152.24
Creative,Creative Webcam 280,720p,60,Yes,120,USB,167.87
Creative,Creative Webcam 626,1080p,60,Yes,120,USB,79.41
Razer,Razer Webcam 902,1080p,60,No,120,USB,100.2
Logitech,Logitech Webcam 358,4K,60,No,78,USB,121.84
Razer,Razer Webcam 208,1080p,60,No,90,USB,96.91
Microsoft,Microsoft Webcam 603,1080p,30,No,90,USB,125.82
Razer,Razer Webcam 914,720p,30,Yes,90,USB,204.71
Logitech,Logitech Webcam 945,720p,30,Yes,78,USB,138.67
Microsoft,Microsoft Webcam 995,720p,30,Yes,78,USB,127.32
Razer,Razer Webcam 694,4K,60,Yes,120,USB,161.3
Logitech,Logitech Webcam 163,720p,60,Yes,120,USB,141.49
Logitech,Logitech Webcam 662,720p,30,Yes,90,USB,97.83
Microsoft,Microsoft Webcam 881,720p,30,No,90,USB,215.03
